1 star,2 stars,3 stars,4 stars,5 stars,avg_rating,product_id,review_count,total_ratings,target
0,0,0,5,11,4.7,2268274,16,16,0
28,35,57,212,548,4.4,2257111,880,880,0
1139,1279,1324,2149,8379,4.1,2164671,14270,14270,0
1,10,23,115,214,4.5,2242105,363,363,0
213,258,299,837,3758,4.4,2112167,5365,5365,0
136,194,231,473,1845,4.3,2079168,2879,2879,0
3,8,19,93,212,4.5,2250603,335,335,0
14,11,20,74,203,4.4,2251874,322,322,0
940,791,935,2135,4771,3.9,2246726,9572,9572,0
266,324,319,608,1779,4.0,1868165,3296,3296,0
66,72,96,231,742,4.3,2247922,1207,1207,0
44,55,67,158,387,4.1,2184547,711,711,0
514,461,695,2735,15008,4.6,1922541,19413,19413,0
5,17,39,183,397,4.5,2247203,641,641,0
31,24,49,153,349,4.3,2209906,606,606,0
186,222,295,786,3068,4.4,2169845,4557,4557,0
801,925,990,1622,4090,3.9,2084648,8428,8428,0
151,174,227,628,2463,4.4,2224848,3643,3643,0
379,382,297,429,1252,3.7,2031011,2739,2739,0
66,73,144,378,1029,4.3,2070571,1690,1690,0
286,350,373,650,1625,3.9,2179158,3284,3284,0
283,277,309,616,1633,4.0,2176972,3118,3118,0
1304,1316,1513,2747,7136,3.9,2180578,14016,14016,0
199,261,356,1197,3130,4.3,905364,5143,5143,0
397,392,320,448,1261,3.6,2001774,2818,2818,0
506,572,611,1259,3486,4.0,2094787,6434,6434,0
57,54,63,127,405,4.1,2241883,706,706,0
231,264,390,1080,2713,4.2,2170645,4678,4678,0
94,139,179,495,1826,4.4,1396399,2733,2733,0
49,42,65,73,232,3.9,2032845,461,461,0
310,345,510,1513,5095,4.4,1922731,7773,7773,0
82,113,116,260,464,3.9,2088276,1035,1035,0
47,56,88,192,547,4.2,1787589,930,930,0
90,80,118,439,1273,4.4,1507367,2000,2000,0
45,40,39,117,419,4.3,1530534,660,660,0
279,275,373,824,1754,4.0,2222099,3505,3505,0
153,176,239,613,2043,4.3,2203396,3224,3224,0
1,3,7,53,109,4.5,2250280,173,173,0
4,3,4,4,19,3.9,2132231,34,34,0
177,85,86,192,398,3.6,2106441,938,938,0
26,38,46,103,401,4.3,1628767,614,614,0
0,1,0,2,10,4.6,2239358,13,13,0
19,29,75,255,518,4.4,2178630,896,896,0
196,220,264,484,1374,4.0,1713155,2538,2538,0
168,232,248,586,2107,4.3,1486752,3341,3341,0
146,167,241,534,1655,4.2,1327915,2743,2743,0
93,95,164,310,769,4.1,2053874,1431,1431,0
455,440,593,1496,3029,4.0,1827252,6013,6013,0
67,54,70,95,265,3.8,1869015,551,551,0
185,186,202,524,1720,4.2,2105427,2817,2817,0
101,108,160,544,1253,4.3,2241719,2166,2166,0
61,53,66,184,734,4.3,135558,1098,1098,0
93,56,62,71,317,3.8,2209393,599,599,0
51,48,95,318,816,4.4,51573,1328,1328,0
48,44,42,44,197,3.8,2250785,375,375,0
651,526,407,573,1327,3.4,1847474,3484,3484,0
81,85,114,196,573,4.0,1496488,1049,1049,0
54,57,138,343,439,4.0,2179869,1031,1031,0
666,608,484,747,1718,3.5,1677962,4223,4223,0
130,146,201,457,1008,4.1,2110070,1942,1942,0
41,50,83,296,796,4.4,1372168,1266,1266,0
35,31,22,32,110,3.7,2227619,230,230,0
115,130,249,618,1294,4.2,2084010,2406,2406,0
71,72,81,187,517,4.1,1452408,928,928,0
8,15,52,200,537,4.5,2179034,812,812,0
31,29,30,73,271,4.2,1833532,434,434,0
370,275,325,442,1246,3.7,1711100,2658,2658,0
104,97,146,312,884,4.2,1534692,1543,1543,0
31,41,92,306,592,4.3,2181550,1062,1062,0
76,88,99,218,556,4.1,1288448,1037,1037,0
5,5,5,3,30,4.0,2260818,48,48,0
85,115,101,205,585,4.0,1452853,1091,1091,0
107,158,198,548,1449,4.2,759779,2460,2460,0
259,272,322,735,1683,4.0,1574896,3271,3271,0
331,316,323,654,1869,4.0,1944446,3493,3493,0
15,30,67,135,258,4.2,2063402,505,505,0
110,113,180,470,1739,4.4,1588136,2612,2612,0
48,97,106,250,655,4.2,1587435,1156,1156,0
60,54,55,82,254,3.8,2197507,505,505,0
30,29,121,505,680,4.3,2107662,1365,1365,0
9,11,18,18,89,4.2,2116135,145,145,0
308,305,261,376,756,3.5,1852276,2006,2006,0
22,21,32,43,148,4.0,1999895,266,266,0
22,26,31,71,269,4.3,1964584,419,419,0
34,46,130,510,1045,4.4,1919281,1765,1765,0
225,185,169,392,1052,3.9,2244002,2023,2023,0
19,35,43,171,392,4.3,51904,660,660,0
44,45,52,105,334,4.1,1856335,580,580,0
82,88,96,192,483,4.0,2172955,941,941,0
116,142,143,306,1132,4.2,1621291,1839,1839,0
19,17,11,19,61,3.7,2137065,127,127,0
35,39,38,72,251,4.1,2037133,435,435,0
38,40,62,147,392,4.2,1868231,679,679,0
245,279,269,523,990,3.8,2166825,2306,2306,0
0,0,0,3,1,4.3,2266575,4,4,0
212,212,184,268,640,3.6,1487420,1516,1516,0
1,2,4,4,13,4.1,2179604,24,24,0
65,55,81,281,1098,4.5,999037,1580,1580,0
8,5,6,17,88,4.4,2183788,124,124,0
170,148,178,441,1251,4.1,1677616,2188,2188,0
80,86,71,152,348,3.8,1509512,737,737,0
18,23,35,68,160,4.1,1576859,304,304,0
40,43,55,137,780,4.5,1861426,1055,1055,0
5,11,5,30,172,4.6,1287481,223,223,0
68,55,69,144,332,3.9,1458496,668,668,0
89,103,116,313,652,4.0,1411172,1273,1273,0
6,7,9,21,74,4.3,2145340,117,117,0
8,11,17,24,114,4.3,1755453,174,174,0
16,22,46,116,298,4.3,2038701,498,498,0
40,87,99,192,505,4.1,1814508,923,923,0
204,157,144,253,774,3.8,1795897,1532,1532,0
8,8,5,10,37,3.9,2193936,68,68,0
97,108,99,241,531,3.9,1497007,1076,1076,0
61,98,135,398,793,4.2,1237213,1485,1485,0
23,55,171,539,907,4.3,2176774,1695,1695,0
8,16,12,30,57,3.9,1646215,123,123,0
65,74,152,321,879,4.3,2211902,1491,1491,0
4,2,2,3,11,3.7,2272292,22,22,0
44,38,38,75,206,3.9,2110146,401,401,0
12,15,19,41,191,4.4,1705839,278,278,0
49,53,87,118,267,3.9,1840362,574,574,0
183,172,243,507,800,3.8,2118032,1905,1905,0
4,0,5,3,24,4.2,1682509,36,36,0
99,93,99,194,658,4.1,1064864,1143,1143,0
5,12,18,29,139,4.4,1726447,203,203,0
18,19,21,34,125,4.1,2097020,217,217,0
5,7,8,10,42,4.1,2082659,72,72,0
2,4,6,6,17,3.9,1958859,35,35,0
41,45,55,128,372,4.2,1677160,641,641,0
40,30,12,20,67,3.3,2124808,169,169,0
38,43,104,236,480,4.2,52852,901,901,0
20,39,104,318,658,4.4,2045201,1139,1139,0
19,17,17,29,90,3.9,1819549,172,172,0
1,3,0,3,16,4.3,1957570,23,23,0
4,2,4,6,12,3.7,2254175,28,28,0
17,25,22,41,125,4.0,1667005,230,230,0
126,156,278,585,873,4.0,2035764,2018,2018,0
26,19,30,55,164,4.1,2086502,294,294,0
6,14,13,28,130,4.4,1441526,191,191,0
19,16,22,37,159,4.2,2186237,253,253,0
34,51,63,121,288,4.0,1887447,557,557,0
14,14,19,29,86,4.0,1970342,162,162,0
1,0,0,1,6,4.4,2252351,8,8,0
118,126,137,211,380,3.6,1783653,972,972,0
12,13,15,40,168,4.4,1784867,248,248,0
137,115,95,166,283,3.4,2174506,796,796,0
3,10,12,14,64,4.2,1938802,103,103,0
14,17,41,79,141,4.1,2047298,292,292,0
1,0,0,0,2,3.7,2187573,3,3,0
16,38,44,76,93,3.7,2079416,267,267,0
1,8,5,24,65,4.4,1953389,103,103,0
4,3,0,4,3,2.9,2254290,14,14,0
26,28,23,30,84,3.6,2079804,191,191,0
25,34,22,48,98,3.7,1968981,227,227,0
184,139,171,321,966,4.0,1820943,1781,1781,0
79,82,66,134,254,3.7,1952746,615,615,0
16,9,11,28,119,4.2,1869734,183,183,0
0,3,2,2,6,3.8,2219673,13,13,0
2,0,0,4,16,4.5,2145381,22,22,0
3,2,3,7,16,4.0,2212777,31,31,0
36,30,31,52,137,3.8,2089035,286,286,0
0,1,0,3,4,4.3,2240232,8,8,0
4,7,1,2,19,3.8,1990316,33,33,0
79,56,56,122,289,3.8,1514108,602,602,0
2,4,1,9,7,3.7,2021194,23,23,0
6,2,0,3,6,3.1,2106201,17,17,0
12,15,16,34,83,4.0,1898485,160,160,0
4,5,21,79,150,4.4,2107282,259,259,0
17,14,15,18,75,3.9,2014785,139,139,0
17,9,32,49,167,4.2,1775287,274,274,0
2,4,4,5,7,3.5,2119345,22,22,0
1,1,1,2,8,4.2,2256758,13,13,0
4,5,2,11,27,4.1,1967199,49,49,0
5,5,5,19,40,4.1,1686781,74,74,0
10,10,14,14,32,3.6,2168409,80,80,0
10,8,7,13,67,4.1,1813963,105,105,1
575,411,347,489,1032,3.3,1576727,2854,2854,0
1,2,2,4,7,3.9,2221554,16,16,0
19,13,18,46,81,3.9,1841600,177,177,0
3,2,1,7,32,4.4,1480912,45,45,0
5,7,10,21,42,4.0,2154854,85,85,0
2,0,0,0,6,4.0,2198711,8,8,0
4,8,4,9,24,3.8,1809235,49,49,0
3,0,4,5,17,4.1,2143675,29,29,0
60,34,28,45,116,3.4,1548700,283,283,0
4,6,13,30,108,4.4,1326305,161,161,0
16,9,7,6,32,3.4,1977255,70,70,0
4,0,1,1,12,3.9,2206753,18,18,0
226,196,193,339,773,3.7,1393875,1727,1727,0
6,0,2,12,22,4.0,1752443,42,42,1
9,6,12,31,82,4.2,763904,140,140,0
5,3,3,5,16,3.8,1978311,32,32,0
2,2,6,4,9,3.7,1950328,23,23,0
7,6,7,10,51,4.1,1752302,81,81,1
2,11,7,19,58,4.2,1509348,97,97,0
3,4,6,3,8,3.4,2016269,24,24,0
5,2,4,3,27,4.1,1734094,41,41,0
80,124,146,311,825,4.1,1422617,1486,1486,0
58,57,52,82,204,3.7,1773779,453,453,0
0,0,0,1,1,4.5,2205631,2,2,0
109,151,224,673,1850,4.3,1311836,3007,3007,0
0,0,0,0,4,5.0,2215036,4,4,0
2,1,2,3,23,4.4,1480821,31,31,0
3,5,5,10,47,4.3,1587955,70,70,0
5,0,2,2,22,4.2,1977446,31,31,0
2,1,3,1,12,4.1,2270825,19,19,0
65,86,93,159,353,3.9,1417302,756,756,0
32,37,41,61,104,3.6,1532084,275,275,0
10,8,16,14,28,3.6,1848886,76,76,0
266,324,319,608,1779,4.0,1868165,3296,3296,0
283,277,309,616,1633,4.0,2176972,3118,3118,0
82,113,116,260,464,3.9,2088276,1035,1035,0
26,38,46,103,401,4.3,1628767,614,614,0
168,232,248,586,2107,4.3,1486752,3341,3341,0
146,167,241,534,1655,4.2,1327915,2743,2743,0
67,54,70,95,265,3.8,1869015,551,551,0
81,85,114,196,573,4.0,1496488,1049,1049,0
35,31,22,32,110,3.7,2227619,230,230,0
38,50,51,88,334,4.1,1888197,561,561,0
113,121,139,241,780,4.0,1826437,1394,1394,0
107,158,198,548,1449,4.2,759779,2460,2460,0
259,272,322,735,1683,4.0,1574896,3271,3271,0
80,86,71,152,348,3.8,1509512,737,737,0
18,23,35,68,160,4.1,1576859,304,304,0
68,55,69,144,332,3.9,1458496,668,668,0
6,7,9,21,74,4.3,2145340,117,117,0
97,108,99,241,531,3.9,1497007,1076,1076,0
12,15,19,41,191,4.4,1705839,278,278,0
18,28,37,56,182,4.1,2204857,321,321,0
41,45,55,128,372,4.2,1677160,641,641,0
19,17,17,29,90,3.9,1819549,172,172,0
29,25,52,127,338,4.3,1626969,571,571,0
0,0,0,0,6,5.0,2078574,6,6,0
3,4,6,6,12,3.6,1989565,31,31,0
0,3,2,2,6,3.8,2219673,13,13,0
2,0,0,4,16,4.5,2145381,22,22,0
10,10,14,14,32,3.6,2168409,80,80,0
60,34,28,45,116,3.4,1548700,283,283,0
2,11,7,19,58,4.2,1509348,97,97,0
80,124,146,311,825,4.1,1422617,1486,1486,0
65,86,93,159,353,3.9,1417302,756,756,0
32,13,12,17,47,3.3,2025617,121,121,0
266,324,319,608,1779,4.0,1868165,3296,3296,0
3,8,19,93,212,4.5,2250603,335,335,0
283,277,309,616,1633,4.0,2176972,3118,3118,0
199,261,356,1197,3130,4.3,905364,5143,5143,0
94,139,179,495,1826,4.4,1396399,2733,2733,0
1,3,7,53,109,4.5,2250280,173,173,0
26,38,46,103,401,4.3,1628767,614,614,0
168,232,248,586,2107,4.3,1486752,3341,3341,0
146,167,241,534,1655,4.2,1327915,2743,2743,0
67,54,70,95,265,3.8,1869015,551,551,0
48,44,42,44,197,3.8,2250785,375,375,0
81,85,114,196,573,4.0,1496488,1049,1049,0
35,31,22,32,110,3.7,2227619,230,230,0
38,50,51,88,334,4.1,1888197,561,561,0
107,158,198,548,1449,4.2,759779,2460,2460,0
259,272,322,735,1683,4.0,1574896,3271,3271,0
80,86,71,152,348,3.8,1509512,737,737,0
18,23,35,68,160,4.1,1576859,304,304,0
68,55,69,144,332,3.9,1458496,668,668,0
16,22,46,116,298,4.3,2038701,498,498,0
97,108,99,241,531,3.9,1497007,1076,1076,0
65,74,152,321,879,4.3,2211902,1491,1491,0
12,15,19,41,191,4.4,1705839,278,278,0
13,18,19,51,203,4.4,1507615,304,304,0
18,28,37,56,182,4.1,2204857,321,321,0
41,45,55,128,372,4.2,1677160,641,641,0
19,17,17,29,90,3.9,1819549,172,172,0
4,4,3,0,24,4.0,1993849,35,35,0
16,38,44,76,93,3.7,2079416,267,267,0
0,3,2,2,6,3.8,2219673,13,13,0
12,15,16,34,83,4.0,1898485,160,160,0
1,2,1,4,6,3.9,2199552,14,14,0
2,4,4,5,7,3.5,2119345,22,22,0
161,162,156,377,846,3.9,2211845,1702,1702,0
15,30,30,40,141,4.0,1958263,256,256,0
10,10,14,14,32,3.6,2168409,80,80,0
0,1,1,3,12,4.5,1468131,17,17,0
5,11,12,14,63,4.1,1676980,105,105,0
4,8,4,9,24,3.8,1809235,49,49,0
60,34,28,45,116,3.4,1548700,283,283,0
2,2,6,4,9,3.7,1950328,23,23,0
2,3,2,3,13,4.0,1901552,23,23,0
2,11,7,19,58,4.2,1509348,97,97,0
80,124,146,311,825,4.1,1422617,1486,1486,0
65,86,93,159,353,3.9,1417302,756,756,0
461,604,877,2183,6941,4.3,2172310,11066,11066,0
62,92,118,230,819,4.3,1925577,1321,1321,0
98,104,148,342,1460,4.4,2223089,2152,2152,0
63,112,156,298,729,4.1,1925841,1358,1358,0
261,173,126,149,341,3.1,2094548,1050,1050,0
111,145,133,213,665,3.9,2173367,1267,1267,0
111,119,165,357,984,4.1,2037596,1736,1736,0
56,71,111,308,1207,4.4,1900315,1753,1753,0
25,16,28,93,331,4.4,2137834,493,493,0
2,2,0,2,15,4.2,2247450,21,21,0
191,206,303,1055,3000,4.4,1247204,4755,4755,0
163,206,350,770,2686,4.3,2209344,4175,4175,0
190,214,357,1117,2634,4.3,1810787,4512,4512,0
33,36,90,382,1060,4.5,2044477,1601,1601,0
17,34,52,173,348,4.3,2246841,624,624,0
10,20,27,36,66,3.8,2136521,159,159,0
31,29,30,73,271,4.2,1833532,434,434,0
158,216,323,678,1152,4.0,1686211,2527,2527,0
55,61,89,317,811,4.3,1317650,1333,1333,0
4,9,13,51,88,4.3,2209211,165,165,0
10,1,4,6,10,3.2,2252179,31,31,0
53,52,66,69,305,4.0,2113934,545,545,0
14,18,27,56,209,4.3,2103596,324,324,0
245,279,269,523,990,3.8,2166825,2306,2306,0
13,41,188,777,1026,4.4,2040871,2045,2045,0
127,85,101,246,843,4.1,2199370,1402,1402,0
44,64,80,180,457,4.1,1727338,825,825,0
49,47,41,82,305,4.0,1697440,524,524,0
135,132,213,373,618,3.8,1779099,1471,1471,0
241,316,443,1150,2654,4.2,2086866,4804,4804,0
85,107,161,482,1181,4.3,870519,2016,2016,0
104,121,151,395,755,4.0,1345206,1526,1526,0
7,9,48,179,481,4.5,2184323,724,724,0
6,27,25,64,175,4.3,2228443,297,297,0
61,59,73,156,348,4.0,1600162,697,697,0
127,157,216,677,2994,4.5,1073063,4171,4171,0
39,30,61,90,198,3.9,2118115,418,418,0
53,43,50,49,141,3.5,2037778,336,336,0
17,19,26,33,114,4.0,2152668,209,209,0
122,137,133,387,996,4.1,1307388,1775,1775,0
58,70,67,117,224,3.7,1317775,536,536,0
15,6,35,196,393,4.5,2176444,645,645,0
4,5,5,5,39,4.2,1897123,58,58,0
12,11,34,96,302,4.5,549170,455,455,0
159,149,174,268,524,3.7,1833888,1274,1274,0
26,28,51,103,156,3.9,2029353,364,364,0
9,12,13,45,114,4.3,2105690,193,193,0
29,25,52,127,338,4.3,1626969,571,571,0
154,150,184,420,840,3.9,2086809,1748,1748,0
10,12,15,68,189,4.4,2102135,294,294,0
34,51,63,121,288,4.0,1887447,557,557,0
34,45,79,194,548,4.3,2194009,900,900,0
35,49,80,213,323,4.1,472597,700,700,0
1,3,3,5,13,4.0,2034775,25,25,0
14,12,11,24,66,3.9,1960079,127,127,0
0,0,0,1,0,4.0,2228278,1,1,0
5,18,43,137,123,4.1,2196871,326,326,0
24,53,145,481,618,4.2,2169860,1321,1321,0
41,40,45,85,242,4.0,1885631,453,453,0
25,34,22,48,98,3.7,1968981,227,227,0
46,71,90,152,316,3.9,1451418,675,675,0
18,17,28,58,186,4.2,2105799,307,307,0
20,21,29,38,141,4.0,1840461,249,249,0
25,19,20,19,82,3.7,1732296,165,165,0
12,15,17,47,94,4.1,1948207,185,185,0
34,36,22,33,94,3.5,1971928,219,219,0
13,27,192,690,1228,4.4,2207520,2150,2150,0
1,4,1,15,43,4.5,1425727,64,64,0
2,4,1,9,7,3.7,2021194,23,23,0
17,25,28,55,169,4.1,1622075,294,294,0
8,3,8,21,42,4.0,1835503,82,82,0
18,29,42,119,239,4.2,685891,447,447,0
3,1,5,11,19,4.1,1978386,39,39,0
17,12,17,61,164,4.3,1318666,271,271,0
31,57,214,525,664,4.2,2177061,1491,1491,0
4,6,2,27,68,4.4,1197920,107,107,0
18,11,11,27,66,3.8,1648518,133,133,0
2,4,5,10,48,4.4,1861533,69,69,0
5,5,6,29,61,4.3,2139632,106,106,0
7,12,7,12,39,3.8,2071819,77,77,0
54,63,74,119,214,3.7,873455,524,524,0
0,2,2,3,4,3.8,2225209,11,11,0
21,38,51,75,186,4.0,1501428,371,371,1
1,1,9,8,16,4.1,1665660,35,35,0
72,72,85,169,189,3.6,1192889,587,587,0
4,2,0,12,18,4.1,2139574,36,36,0
19,19,26,27,87,3.8,2211977,178,178,0
21,9,17,68,98,4.0,2119758,213,213,0
1,0,1,0,4,4.0,2142131,6,6,0
0,1,0,6,10,4.5,1957521,17,17,0
1,6,3,9,31,4.3,1975184,50,50,0
3,0,1,2,9,3.9,2194090,15,15,0
9,13,15,30,84,4.1,1956796,151,151,0
61,61,91,230,319,3.9,1318278,762,762,0
304,313,481,1175,2646,4.1,2086783,4919,4919,1
4,3,4,11,40,4.3,2071280,62,62,0
6,3,2,5,43,4.3,1726405,59,59,0
30,20,17,42,107,3.8,2086833,216,216,1
1,1,3,4,11,4.2,1673441,20,20,0
5,6,9,11,35,4.0,1776236,66,66,0
0,0,0,0,2,5.0,2098465,2,2,0
3,6,7,10,34,4.1,469254,60,60,0
34,43,79,158,416,4.2,1341098,730,730,0
14,22,15,14,23,3.1,1671924,88,88,0
0,3,6,5,8,3.8,1862515,22,22,0
4,3,5,0,6,3.1,2000149,18,18,0
5,6,4,8,10,3.4,1751916,33,33,1
11,14,11,24,69,4.0,1732221,129,129,0
3,1,4,3,4,3.3,2213866,15,15,0
2,2,1,3,13,4.1,1719780,21,21,0
0,0,2,0,5,4.4,2012037,7,7,1
4,2,1,6,22,4.1,1901479,35,35,0
1,0,2,1,5,4.0,1950500,9,9,0
2,0,0,0,2,3.0,1926542,4,4,0
22,14,14,24,63,3.7,1349968,137,137,0
0,1,0,2,10,4.6,2239358,13,13,0
465,304,303,507,1309,3.7,1669027,2888,2888,0
168,232,248,586,2107,4.3,1486752,3341,3341,0
112,131,156,485,1341,4.3,1147883,2225,2225,0
18,23,35,68,160,4.1,1576859,304,304,0
22,14,14,24,63,3.7,1350024,137,137,0
22,14,14,24,63,3.7,1635606,137,137,0
22,14,14,24,63,3.7,1349976,137,137,0
22,14,14,24,63,3.7,1681303,137,137,0
2,4,6,6,17,3.9,1958859,35,35,0
22,14,14,24,63,3.7,1974252,137,137,0
12,10,8,24,69,4.0,1868249,123,123,0
2,4,2,7,20,4.1,2054153,35,35,0
22,14,14,24,63,3.7,1932664,137,137,0
22,14,14,24,63,3.7,1350016,137,137,0
7,7,7,16,57,4.2,2030104,94,94,0
22,14,14,24,63,3.7,1783224,137,137,0
36,17,20,32,87,3.6,1792670,192,192,0
22,14,14,24,63,3.7,1974153,137,137,0
22,14,14,24,63,3.7,1478007,137,137,0
6,6,9,15,61,4.2,1697184,97,97,0
40,30,35,42,101,3.5,1310564,248,248,0
9,8,21,31,79,4.1,1911320,148,148,0
1,0,1,2,5,4.1,2115244,9,9,0
6,11,33,109,157,4.3,2191161,316,316,0
7,4,21,15,60,4.1,2031615,107,107,0
4,4,8,10,48,4.3,1792951,74,74,0
1,1,2,4,9,4.1,2207249,17,17,0
2,2,6,4,9,3.7,1950328,23,23,0
254,290,378,1160,5720,4.5,870618,7802,7802,0
21,16,20,37,177,4.2,1914472,271,271,0
24,31,40,71,272,4.2,2116341,438,438,0
11,10,8,37,211,4.5,1661461,277,277,0
51,63,74,152,614,4.3,2173607,954,954,0
39,37,71,223,1076,4.6,2071769,1446,1446,0
153,181,212,458,1911,4.3,1483502,2915,2915,0
148,185,286,862,4306,4.6,1073014,5787,5787,0
55,48,54,99,427,4.2,2114072,683,683,0
62,28,23,37,166,3.7,1911395,316,316,0
41,50,83,296,796,4.4,1372168,1266,1266,0
4,6,2,2,9,3.3,2271138,23,23,0
35,31,22,32,110,3.7,2227619,230,230,0
33,43,81,160,1039,4.6,2203446,1356,1356,0
25,24,44,156,534,4.5,1889963,783,783,0
81,70,109,232,740,4.2,870675,1232,1232,0
12,27,18,30,98,3.9,1911353,185,185,0
0,1,3,2,12,4.4,1927227,18,18,0
19,35,43,171,392,4.3,51904,660,660,0
69,93,125,281,1108,4.4,1606086,1676,1676,0
138,113,184,522,1437,4.3,1822204,2394,2394,0
51,63,74,152,614,4.3,2211126,954,954,0
63,77,148,605,2468,4.6,1164771,3361,3361,0
65,55,81,281,1098,4.5,999037,1580,1580,0
75,78,123,314,920,4.3,2037554,1510,1510,0
19,12,18,51,100,4.0,1727379,200,200,0
40,61,93,210,527,4.2,1659515,931,931,0
69,62,64,99,111,3.3,2042836,405,405,0
1,3,6,2,22,4.2,2107852,34,34,0
36,43,69,306,894,4.5,2107811,1348,1348,0
36,38,46,83,278,4.1,1478239,481,481,0
20,29,47,234,419,4.3,2117984,749,749,0
3,8,5,18,82,4.4,1899251,116,116,0
14,23,44,149,360,4.4,51532,590,590,0
36,25,26,48,210,4.1,1883677,345,345,0
22,14,14,24,63,3.7,1681303,137,137,0
29,18,51,117,712,4.6,1522184,927,927,0
30,23,32,66,304,4.3,1961135,455,455,0
42,41,60,163,642,4.4,1229095,948,948,0
42,44,69,127,330,4.1,1533629,612,612,0
38,43,64,120,390,4.2,1578285,655,655,0
8,19,13,18,35,3.6,2207652,93,93,0
3,5,3,11,27,4.1,2171577,49,49,0
16,28,26,65,191,4.2,1452671,326,326,0
2,4,2,7,20,4.1,2054153,35,35,0
2,3,2,4,76,4.7,2077659,87,87,0
3,3,4,8,39,4.4,1930429,57,57,0
21,20,39,125,322,4.3,903856,527,527,0
2,0,4,4,11,4.0,1992395,21,21,0
6,7,6,12,31,3.9,1809698,62,62,0
46,37,62,113,274,4.0,1223544,532,532,0
0,1,2,2,19,4.6,2193233,24,24,0
22,18,29,66,251,4.3,1959832,386,386,0
0,4,7,5,24,4.2,1902782,40,40,0
19,22,13,56,132,4.1,1452457,242,242,0
5,5,9,8,29,3.9,1861897,56,56,0
3,2,1,4,29,4.4,2224434,39,39,0
2,1,2,5,13,4.1,1918788,23,23,0
4,15,65,225,600,4.5,2109189,909,909,0
1,1,3,10,19,4.3,2079283,34,34,0
42,32,46,37,158,3.8,1961515,315,315,0
5,6,13,17,90,4.4,1903434,131,131,0
2,1,0,3,6,3.8,2042927,12,12,0
16,14,17,19,49,3.6,1579218,115,115,0
3,1,0,3,10,3.9,2195147,17,17,0
0,0,1,0,6,4.7,2192649,7,7,0
8,10,7,11,31,3.7,2107316,67,67,0
1,0,1,0,2,3.5,2198950,4,4,0
1,3,1,2,8,3.9,1798412,15,15,0
0,0,0,0,6,5.0,2132777,6,6,0
5,4,4,11,84,4.5,1589126,108,108,0
1,2,4,6,17,4.2,1998087,30,30,0
2,1,7,3,5,3.4,2008118,18,18,0
4,5,7,18,46,4.2,2070068,80,80,0
6,5,5,13,17,3.7,2107860,46,46,0
9,13,15,30,84,4.1,1956796,151,151,0
12,9,19,19,108,4.2,1768266,167,167,0
0,0,2,2,9,4.5,1992536,13,13,0
4,1,4,16,81,4.6,1845338,106,106,0
0,5,3,3,41,4.5,1358282,52,52,0
2,0,0,2,7,4.1,2080323,11,11,0
22,11,14,18,50,3.5,1552538,115,115,0
74,45,61,140,386,4.0,1768290,706,706,0
1,2,2,4,23,4.4,1844182,32,32,0
4,1,6,5,24,4.1,1903442,40,40,0
1,3,2,6,24,4.4,1358274,36,36,0
1,1,0,1,5,4.0,1926443,8,8,0
0,0,0,1,2,4.7,1927987,3,3,0
2,2,0,7,12,4.1,1795558,23,23,0
0,0,2,0,1,3.7,1572189,3,3,0
27,37,59,120,785,4.6,2113033,1028,1028,0
66,77,131,377,2564,4.6,2211076,3215,3215,0
75,122,231,659,3866,4.6,1721240,4953,4953,0
153,181,212,458,1911,4.3,1483502,2915,2915,0
8,18,20,34,240,4.5,2116044,320,320,0
81,135,212,565,1684,4.4,1888759,2677,2677,0
163,206,350,770,2686,4.3,2209344,4175,4175,0
2,4,8,18,84,4.5,2115939,116,116,0
112,36,28,37,93,2.9,2218725,306,306,0
69,93,125,281,1108,4.4,1606086,1676,1676,0
2,13,23,132,477,4.7,2224954,647,647,0
1,1,2,8,64,4.8,2201226,76,76,0
63,77,148,605,2468,4.6,1164771,3361,3361,0
65,31,32,54,150,3.6,2067809,332,332,0
85,113,157,331,661,4.0,1629500,1347,1347,0
0,0,1,0,4,4.6,2242782,5,5,0
63,117,194,432,955,4.2,1475540,1761,1761,0
28,32,86,289,1337,4.6,1890615,1772,1772,0
10,19,21,45,192,4.4,1833508,287,287,0
47,53,89,202,863,4.4,825802,1254,1254,0
9,18,32,85,642,4.7,1993948,786,786,0
18,31,73,207,673,4.5,2018885,1002,1002,0
26,16,20,9,49,3.3,2221380,120,120,0
26,26,34,84,300,4.3,2055986,470,470,0
23,42,69,181,686,4.5,1925775,1001,1001,0
54,69,112,241,1126,4.4,1904820,1602,1602,0
0,1,2,1,21,4.7,2222834,25,25,0
14,27,68,347,1227,4.6,2207710,1683,1683,0
9,9,12,58,195,4.5,1636828,283,283,0
3,5,9,20,48,4.2,2201408,85,85,0
29,18,51,117,712,4.6,1522184,927,927,0
0,1,1,1,9,4.5,2219608,12,12,0
17,12,32,49,145,4.1,1782069,255,255,0
7,16,17,40,321,4.6,2105120,401,401,0
0,0,2,2,21,4.8,2235679,25,25,0
42,61,124,365,1275,4.5,650226,1867,1867,0
22,22,50,123,419,4.4,1289511,636,636,0
8,13,28,149,478,4.6,1972793,676,676,0
38,43,64,120,390,4.2,1578285,655,655,0
25,19,27,57,220,4.2,2028082,348,348,0
20,26,63,157,241,4.1,2139780,507,507,0
38,63,83,144,276,3.9,2017507,604,604,0
3,10,8,19,48,4.1,1813906,88,88,0
5,5,19,61,359,4.7,2211092,449,449,0
23,33,46,63,262,4.2,2016707,427,427,0
0,3,2,5,27,4.5,2172799,37,37,0
10,8,7,20,104,4.3,2058642,149,149,0
6,2,3,13,28,4.1,2178788,52,52,0
2,0,4,4,11,4.0,1992395,21,21,0
1,3,3,7,24,4.3,1992437,38,38,0
5,13,35,120,393,4.6,2027670,566,566,0
29,26,34,63,184,4.0,1779982,336,336,0
6,7,6,12,31,3.9,1809698,62,62,0
16,13,13,19,69,3.9,1364785,130,130,0
23,29,67,253,1725,4.7,1790633,2097,2097,0
11,6,9,26,75,4.2,1965102,127,127,1
73,108,189,467,1235,4.3,1357250,2072,2072,0
25,22,40,67,335,4.4,1888858,489,489,0
7,11,7,6,23,3.5,2217008,54,54,0
11,8,15,36,100,4.2,1912138,170,170,0
0,10,8,13,19,3.8,2111409,50,50,0
21,5,5,14,25,3.2,2144665,70,70,1
0,1,0,1,15,4.8,2216984,17,17,0
1,1,1,3,16,4.5,2228914,22,22,0
1,0,2,3,32,4.7,2234565,38,38,0
19,35,111,615,1341,4.5,1775576,2121,2121,0
5,10,11,24,72,4.2,1897917,122,122,0
3,6,6,28,107,4.5,1779784,150,150,0
8,6,6,17,202,4.7,2059608,239,239,0
34,46,80,134,223,3.9,1972280,517,517,0
7,4,6,16,61,4.3,2089720,94,94,1
0,0,2,7,23,4.7,2191484,32,32,0
4,6,2,27,68,4.4,1197920,107,107,0
6,4,3,9,53,4.3,2124592,75,75,0
5,11,11,27,82,4.3,2063741,136,136,0
9,6,3,8,59,4.2,1915263,85,85,0
0,1,1,2,9,4.5,2196079,13,13,0
15,15,20,77,227,4.4,1931104,354,354,0
7,12,7,12,39,3.8,2071819,77,77,0
30,45,46,88,292,4.1,1901891,501,501,0
1,0,3,7,56,4.7,2156446,67,67,0
23,17,21,26,169,4.2,2027555,256,256,0
0,0,0,1,10,4.9,2246122,11,11,0
1,2,8,7,75,4.6,2182210,93,93,0
0,0,3,3,13,4.5,2222818,19,19,0
3,5,7,11,25,4.0,1817402,51,51,0
13,10,18,33,249,4.5,1877174,323,323,0
6,6,9,15,61,4.2,1697184,97,97,0
3,5,10,19,58,4.3,1915321,95,95,0
79,111,198,608,1594,4.4,108829,2590,2590,0
20,30,57,68,136,3.9,2032753,311,311,0
39,50,37,54,188,3.8,1677731,368,368,0
18,37,57,124,293,4.2,1644327,529,529,0
4,7,10,17,95,4.4,2027522,133,133,0
1,3,3,7,13,4.0,1844612,27,27,0
16,18,27,67,280,4.4,2101012,408,408,0
7,8,13,16,53,4.0,1926427,97,97,0
0,0,4,2,32,4.7,1927748,38,38,0
96,113,84,149,245,3.5,1894377,687,687,0
2,2,2,4,13,4.0,1813930,23,23,1
3,3,7,10,21,4.0,2042042,44,44,0
6,4,14,30,182,4.6,1973163,236,236,0
0,1,0,1,18,4.8,2121200,20,20,0
83,99,83,165,275,3.6,1902014,705,705,0
17,17,12,40,94,4.0,1902246,180,180,1
236,192,163,182,379,3.2,1644855,1152,1152,0
1,0,0,4,65,4.9,1910314,70,70,0
3,0,1,1,10,4.0,2207199,15,15,0
34,30,33,23,81,3.4,2028272,201,201,0
16,9,9,42,165,4.4,1934645,241,241,0
0,0,0,1,3,4.8,2222842,4,4,0
1,1,2,4,17,4.4,2071850,25,25,0
0,0,1,3,22,4.8,2147114,26,26,0
5,10,5,10,46,4.1,2047371,76,76,0
6,5,7,16,99,4.5,1875210,133,133,0
9,19,17,50,100,4.1,2017499,195,195,0
56,58,41,81,282,3.9,2077543,518,518,0
0,1,0,2,45,4.9,1955186,48,48,0
2,2,5,8,61,4.6,2102382,78,78,0
1,4,5,12,50,4.5,1935469,72,72,0
4,8,36,101,176,4.3,2199909,325,325,0
3,4,4,6,35,4.3,2140648,52,52,0
28,72,142,167,85,3.4,2185924,494,494,0
6,2,5,11,77,4.5,2041887,101,101,0
5,8,4,6,48,4.2,2199883,71,71,0
1,3,7,15,71,4.6,1862549,97,97,0
3,0,2,1,5,3.5,2222826,11,11,0
4,1,4,16,81,4.6,1845338,106,106,0
0,0,0,5,11,4.7,1987197,16,16,0
1,0,0,0,7,4.5,2229599,8,8,0
7,0,1,4,14,3.7,2089761,26,26,1
5,8,15,22,64,4.2,2083129,114,114,0
42,15,9,18,41,3.0,1858364,125,125,1
11,8,4,7,12,3.0,2059954,42,42,1
12,5,8,24,74,4.2,1942275,123,123,0
4,6,19,20,55,4.1,2067858,104,104,0
2,1,0,3,4,3.6,2079531,10,10,0
3,7,3,2,17,3.7,2112241,32,32,0
0,1,2,5,20,4.6,1978477,28,28,0
34,43,79,158,416,4.2,1341098,730,730,0
1,2,2,4,23,4.4,1844182,32,32,0
1,2,2,4,8,3.9,2174977,17,17,0
0,0,0,1,11,4.9,1949478,12,12,0
0,1,3,9,12,4.3,2019552,25,25,0
38,35,13,22,41,3.0,1961051,149,149,0
2,2,2,7,36,4.5,2034734,49,49,0
2,2,3,5,11,3.9,2004992,23,23,0
2,0,2,3,16,4.3,1875277,23,23,0
1,3,8,17,86,4.6,2070092,115,115,0
25,32,13,21,65,3.4,2072916,156,156,0
3,4,0,2,10,3.6,1826072,19,19,0
2,3,3,12,37,4.4,1896976,57,57,0
2,5,6,6,25,4.1,1896968,44,44,0
3,1,2,8,18,4.2,1920594,32,32,0
1,1,1,0,2,3.2,2131274,5,5,0
20,25,24,70,228,4.3,1009109,367,367,0
2,2,1,2,1,2.8,2230514,8,8,0
1,6,1,2,9,3.6,1977529,19,19,0
2,3,4,4,4,3.3,1996396,17,17,0
12,23,29,52,137,4.1,2071876,253,253,0
0,0,0,1,2,4.7,2042687,3,3,0
0,0,0,3,4,4.6,2145308,7,7,0
11,14,3,15,44,3.8,1911072,87,87,0
3,0,1,0,1,2.2,1908581,5,5,1
6,1,1,6,19,3.9,2130433,33,33,0
0,2,5,11,37,4.5,2043727,55,55,0
1,1,0,0,3,3.6,2186096,5,5,0
1,0,0,0,2,3.7,2143311,3,3,0
7,6,9,14,85,4.4,1697226,121,121,0
2,3,0,1,10,3.9,1972314,16,16,0
0,0,0,1,2,4.7,1927987,3,3,0
3,1,0,0,2,2.5,2082550,6,6,0
461,604,877,2183,6941,4.3,2172310,11066,11066,0
62,92,118,230,819,4.3,1925577,1321,1321,0
98,104,148,342,1460,4.4,2223089,2152,2152,0
63,112,156,298,729,4.1,1925841,1358,1358,0
196,220,264,484,1374,4.0,1713155,2538,2538,0
2,4,8,18,84,4.5,2115939,116,116,0
48,97,106,250,655,4.2,1587435,1156,1156,0
1,1,2,8,64,4.8,2201226,76,76,0
63,77,148,605,2468,4.6,1164771,3361,3361,0
8,3,6,16,70,4.3,1848548,103,103,0
85,113,157,331,661,4.0,1629500,1347,1347,0
17,10,7,22,95,4.1,2221893,151,151,0
6,25,20,94,506,4.6,1697275,651,651,0
3,8,13,31,56,4.2,2115954,111,111,0
9,9,12,58,195,4.5,1636828,283,283,0
19,6,10,26,69,3.9,2187847,130,130,0
123,177,271,540,1224,4.1,1615186,2335,2335,0
8,13,28,149,478,4.6,1972793,676,676,0
5,11,30,59,209,4.5,1994789,314,314,0
176,157,205,333,507,3.6,1734730,1378,1378,0
1,3,3,7,24,4.3,1992437,38,38,0
1,1,0,4,26,4.7,1941202,32,32,0
21,22,25,45,87,3.8,1674738,200,200,0
3,6,6,28,107,4.5,1779784,150,150,0
1,1,9,8,16,4.1,1665660,35,35,0
18,37,57,124,293,4.2,1644327,529,529,0
7,8,13,16,53,4.0,1926427,97,97,0
0,0,4,2,32,4.7,1927748,38,38,0
3,6,4,10,18,3.8,1752476,41,41,1
3,0,0,3,8,3.9,1926500,14,14,0
14,23,28,70,279,4.4,1651603,414,414,0
3,6,5,24,124,4.6,2034908,162,162,0
5,10,5,10,46,4.1,2047371,76,76,0
1,1,2,1,8,4.1,1953157,13,13,0
34,43,79,158,416,4.2,1341098,730,730,0
14,22,15,14,23,3.1,1671924,88,88,0
5,3,5,11,31,4.1,1792464,55,55,0
62,92,118,230,819,4.3,1925577,1321,1321,0
11,10,8,37,211,4.5,1661461,277,277,0
111,119,165,357,984,4.1,2037596,1736,1736,0
465,304,303,507,1309,3.7,1669027,2888,2888,0
72,67,89,216,588,4.1,1776129,1032,1032,0
55,61,89,317,811,4.3,1317650,1333,1333,0
22,14,14,24,63,3.7,1350024,137,137,0
70,64,83,255,932,4.4,1098821,1404,1404,0
12,11,34,96,302,4.5,549170,455,455,0
38,43,64,120,390,4.2,1578285,655,655,0
81,87,109,205,346,3.8,1735349,828,828,0
1,3,3,5,13,4.0,2034775,25,25,0
41,58,151,203,306,3.9,2169894,759,759,0
49,46,65,99,187,3.7,1783554,446,446,0
8,3,8,21,42,4.0,1835503,82,82,0
10,8,6,20,100,4.3,1359876,144,144,0
5,5,9,8,29,3.9,1861897,56,56,0
22,14,14,24,63,3.7,1350016,137,137,0
40,28,17,43,134,3.8,1789999,262,262,0
54,63,74,119,214,3.7,873455,524,524,0
1,1,9,8,16,4.1,1665660,35,35,0
17,22,17,12,86,3.8,1773332,154,154,0
51,49,55,98,182,3.7,1776459,435,435,0
1,3,1,2,8,3.9,1798412,15,15,0
4,2,0,12,18,4.1,2139574,36,36,0
6,2,3,4,20,3.9,1866318,35,35,0
4,4,8,10,48,4.3,1792951,74,74,0
6,3,2,5,43,4.3,1726405,59,59,0
5,6,9,11,35,4.0,1776236,66,66,0
15,11,11,24,47,3.7,1779446,108,108,0
5,6,4,8,10,3.4,1751916,33,33,1
11,14,11,24,69,4.0,1732221,129,129,0
1,0,0,0,2,3.7,1975119,3,3,0
1,5,0,1,4,3.2,1948298,11,11,0
2,2,1,3,13,4.1,1719780,21,21,0
0,0,2,0,5,4.4,2012037,7,7,1
4,2,1,6,22,4.1,1901479,35,35,0
63,112,156,298,729,4.1,1925841,1358,1358,0
0,1,0,2,10,4.6,2239358,13,13,0
2,4,8,18,84,4.5,2115939,116,116,0
4,4,3,10,18,3.9,2162774,39,39,0
2,13,23,132,477,4.7,2224954,647,647,0
1,1,2,8,64,4.8,2201226,76,76,0
28,32,86,289,1337,4.6,1890615,1772,1772,0
9,18,32,85,642,4.7,1993948,786,786,0
26,26,34,84,300,4.3,2055986,470,470,0
2,4,6,6,17,3.9,1958859,35,35,0
0,0,0,3,39,4.9,2191773,42,42,0
6,2,0,3,6,3.1,2106201,17,17,0
43,28,41,88,380,4.3,2009512,580,580,0
1,1,9,8,16,4.1,1665660,35,35,0
7,8,13,16,53,4.0,1926427,97,97,0
2,0,0,0,6,4.0,2198711,8,8,0
9,13,15,30,84,4.1,1956796,151,151,0
0,0,0,0,2,5.0,2098465,2,2,0
4,6,19,20,55,4.1,2067858,104,104,0
0,1,2,5,20,4.6,1978477,28,28,0
5,6,4,8,10,3.4,1751916,33,33,1
2,3,4,4,4,3.3,1996396,17,17,0
0,0,1,0,1,4.0,2006252,2,2,0
0,0,0,1,1,4.5,2205631,2,2,0
0,0,2,0,5,4.4,2012037,7,7,1
4,6,12,24,154,4.6,2015980,200,200,0
10,22,29,34,104,4.0,2218790,199,199,0
199,226,332,827,2819,4.3,2137230,4403,4403,0
9,7,18,34,142,4.4,2230274,210,210,0
26,19,39,78,198,4.1,2221869,360,360,0
19,7,12,6,13,2.8,2191963,57,57,0
2,6,9,17,92,4.5,2157683,126,126,0
11,17,17,23,88,4.0,1839554,156,156,1
24,30,48,141,451,4.4,2033454,694,694,0
5,22,73,499,1731,4.7,1935659,2330,2330,0
10,25,55,132,473,4.5,2207355,695,695,0
4,6,11,20,95,4.4,2191435,136,136,0
46,56,93,234,831,4.4,2252096,1260,1260,0
2,5,6,6,21,4.0,2191880,40,40,0
9,18,32,85,642,4.7,1993948,786,786,0
14,19,28,47,179,4.2,2150589,287,287,0
3,7,15,20,79,4.3,2118982,124,124,0
19,10,12,21,54,3.7,2076313,116,116,0
0,0,0,0,1,5.0,2274249,1,1,0
8,12,13,19,95,4.2,2070076,147,147,0
16,14,28,67,207,4.3,1719244,332,332,0
11,5,11,13,96,4.3,1875046,136,136,0
7,10,13,33,113,4.3,2028884,176,176,0
1,7,8,9,49,4.3,1933308,74,74,0
0,0,0,1,2,4.7,2250215,3,3,0
3,7,15,20,79,4.3,2118982,124,124,0
1,0,3,5,25,4.6,2097806,34,34,0
12,8,14,35,193,4.5,2112704,262,262,0
12,14,38,84,222,4.3,1941517,370,370,0
27,20,47,73,494,4.5,2219079,661,661,0
6,8,6,32,87,4.3,1776806,139,139,0
2,3,2,8,63,4.6,2170108,78,78,0
1,0,1,3,26,4.7,2119790,31,31,0
0,0,0,2,13,4.9,2084234,15,15,0
4,7,10,24,91,4.4,2137222,136,136,0
26,31,49,96,216,4.1,1582741,418,418,1
30,28,28,107,301,4.3,1631951,494,494,0
0,0,0,1,21,5.0,2159168,22,22,0
1,1,9,8,16,4.1,1665660,35,35,0
0,0,0,5,8,4.6,2230472,13,13,0
0,1,0,0,5,4.5,1978360,6,6,0
12,17,26,31,150,4.2,1784438,236,236,0
0,4,0,2,6,3.8,2261790,12,12,0
0,3,0,2,7,4.1,2187144,12,12,0
4,4,5,6,12,3.6,1907849,31,31,0
1,0,2,2,0,3.0,2101897,5,5,0
0,0,0,5,11,4.7,1987197,16,16,0
7,3,7,6,24,3.8,1876119,47,47,0
0,0,2,0,10,4.7,2115319,12,12,0
5,15,9,16,53,4.0,1505163,98,98,0
8,4,6,16,58,4.2,1627421,92,92,0
0,1,0,3,4,4.3,1977537,8,8,0
1766,1742,1772,2479,6783,3.7,1533439,14542,14542,0
1121,1035,1336,2707,8913,4.1,1343938,15112,15112,0
11,27,46,80,286,4.3,2063410,450,450,0
525,431,506,838,1919,3.8,2031649,4219,4219,0
411,377,432,918,3256,4.2,1665082,5394,5394,0
364,401,575,973,2364,4.0,2062412,4677,4677,0
150,163,213,334,704,3.8,1689744,1564,1564,0
331,309,504,1639,3536,4.2,1758184,6319,6319,0
931,544,359,502,992,3.0,1809193,3328,3328,0
125,144,290,667,1986,4.3,137471,3212,3212,0
366,431,510,1149,3698,4.2,862417,6154,6154,0
256,275,270,465,1480,4.0,1635770,2746,2746,0
127,121,151,201,540,3.8,1789635,1140,1140,0
375,244,232,662,2326,4.1,692467,3839,3839,0
137,138,181,460,1200,4.2,2087666,2116,2116,0
122,120,182,539,1541,4.3,711267,2504,2504,0
171,118,141,157,719,3.9,1868215,1306,1306,0
90,107,138,395,1321,4.3,2085231,2051,2051,0
322,285,258,453,1385,3.8,1197458,2703,2703,0
283,247,270,431,1428,3.9,838763,2659,2659,0
35,45,65,138,606,4.4,764183,889,889,0
2,8,26,69,110,4.3,2217933,215,215,0
21,22,30,55,297,4.4,1562024,425,425,0
159,166,148,308,1133,4.1,1520329,1914,1914,0
191,117,125,223,668,3.8,1495183,1324,1324,0
140,124,221,422,471,3.7,2214849,1378,1378,0
41,38,54,100,342,4.2,1540293,575,575,0
133,167,208,460,1634,4.3,1107051,2602,2602,0
80,55,65,84,204,3.6,1834167,488,488,0
95,74,68,116,455,3.9,1711332,808,808,0
252,191,207,385,810,3.7,1001775,1845,1845,0
33,31,29,59,155,3.9,1487180,307,307,0
411,377,432,918,3256,4.2,1728492,5394,5394,0
3,8,9,51,116,4.4,2038602,187,187,0
46,37,92,216,575,4.3,2056463,966,966,0
1121,1035,1336,2707,8913,4.1,1395482,15112,15112,0
84,75,58,61,169,3.3,2090090,447,447,0
65,53,59,152,506,4.2,1325653,835,835,0
17,6,7,8,64,3.9,1067792,102,102,0
31,30,41,127,469,4.4,55780,698,698,0
114,117,110,141,286,3.5,1357664,768,768,0
75,61,70,146,429,4.0,1907591,781,781,0
112,96,103,205,695,4.1,1787134,1211,1211,0
489,498,675,1351,3302,4.0,713941,6315,6315,0
63,48,52,110,276,3.9,1254606,549,549,0
254,222,276,536,1812,4.1,987651,3100,3100,0
525,431,506,838,1919,3.8,2031813,4219,4219,0
33,34,42,49,176,3.9,1666676,334,334,0
16,3,5,11,59,4.0,1499615,94,94,0
11,11,9,24,132,4.4,1533306,187,187,0
18,18,15,32,104,4.0,1956184,187,187,0
39,41,53,109,472,4.3,1473503,714,714,0
15,15,73,142,217,4.1,1956465,462,462,0
46,65,97,296,1075,4.4,2085223,1579,1579,0
74,53,54,84,130,3.4,2203826,395,395,0
9,4,9,7,71,4.3,2205714,100,100,0
38,34,39,92,290,4.1,724294,493,493,0
9,13,10,13,34,3.6,2138816,79,79,0
30,17,17,22,92,3.7,1593730,178,178,0
108,94,108,221,580,4.0,1315902,1111,1111,0
191,152,169,300,696,3.8,1078138,1508,1508,0
119,85,79,122,296,3.6,1821016,701,701,0
5,6,11,23,82,4.3,1666023,127,127,0
2,3,3,0,17,4.1,2200079,25,25,0
448,182,165,303,653,3.3,1357813,1751,1751,0
21,37,130,317,472,4.2,2216711,977,977,0
21,15,22,46,158,4.2,2211951,262,262,0
8,32,102,244,328,4.2,2235950,714,714,0
8,10,13,18,112,4.3,1464544,161,161,0
9,17,29,33,117,4.1,1668870,205,205,0
21,22,12,18,84,3.8,1858687,157,157,0
8,11,7,12,37,3.8,2156420,75,75,0
60,58,60,112,326,4.0,1641265,616,616,0
85,38,48,87,201,3.6,1440486,459,459,0
7,3,5,10,40,4.1,1666007,65,65,0
46,50,80,158,349,4.0,502641,683,683,0
49,33,34,78,286,4.1,1831395,480,480,0
3,2,2,3,17,4.1,2203198,27,27,0
152,182,207,484,1545,4.2,1097229,2570,2570,0
4,8,14,18,43,4.0,2012615,87,87,0
82,52,56,87,282,3.8,1130822,559,559,0
43,26,18,36,93,3.5,1785005,216,216,0
25,28,27,87,266,4.2,1265800,433,433,0
88,48,76,127,408,4.0,1162635,747,747,0
34,32,47,63,194,3.9,834028,370,370,0
6,4,14,13,74,4.3,1638337,111,111,0
10,8,8,4,18,3.3,2102556,48,48,0
29,28,50,94,252,4.1,1840636,453,453,0
51,30,20,21,38,2.8,2214799,160,160,0
80,80,32,61,143,3.3,1780667,396,396,0
42,51,57,100,375,4.1,1442607,625,625,0
19,31,31,64,116,3.9,1711654,261,261,0
82,196,453,806,1067,4.0,2201846,2604,2604,0
5,4,8,18,61,4.3,1386879,96,96,0
1,3,4,3,19,4.2,1987478,30,30,0
1,1,3,1,4,3.6,2243905,10,10,0
125,144,290,667,1986,4.3,2111201,3212,3212,0
90,52,57,105,289,3.8,1613322,593,593,0
8,2,7,4,32,3.9,1586080,53,53,0
5,7,6,10,14,3.5,2076347,42,42,0
1,3,5,7,17,4.1,1669035,33,33,0
103,97,102,127,274,3.5,1534338,703,703,0
6,3,15,37,97,4.4,1857879,158,158,0
102,44,29,36,78,2.8,1586072,289,289,0
8,11,7,9,57,4.0,1816438,92,92,0
7,10,6,5,16,3.3,2050359,44,44,0
4,2,1,2,20,4.1,1731678,29,29,0
489,498,675,1351,3302,4.0,1040666,6315,6315,0
45,35,24,46,131,3.7,1781285,281,281,0
2,2,0,2,17,4.3,1936814,23,23,0
33,23,29,36,60,3.4,1959139,181,181,0
7,6,2,8,22,3.7,1648468,45,45,0
18,12,10,18,47,3.6,1504984,105,105,0
1,1,3,3,10,4.1,1673383,18,18,0
19,7,8,5,15,2.8,2185635,54,54,0
6,3,6,13,38,4.1,2136349,66,66,0
173,119,103,218,505,3.7,1164656,1118,1118,0
27,15,12,34,201,4.3,1856772,289,289,0
55,18,6,16,31,2.6,1968247,126,126,0
1,2,0,1,7,4.0,1987486,11,11,0
1,0,0,0,2,3.7,2226819,3,3,0
27,10,19,23,87,3.8,1589159,166,166,0
8,7,6,10,26,3.7,1813229,57,57,0
10,5,3,2,7,2.7,1959147,27,27,0
1,3,0,0,0,1.8,1993690,4,4,0
1,6,8,3,18,3.9,1903509,36,36,0
156,77,48,78,150,3.0,1501295,509,509,0
28,25,35,93,362,4.4,1216951,543,543,0
7,22,75,180,123,4.0,1968437,407,407,0
1310,1132,1347,2406,10545,4.2,1177567,16740,16740,0
303,252,397,1079,4632,4.4,1501311,6663,6663,0
502,472,629,1565,7157,4.4,1221084,10325,10325,0
607,678,990,2848,10250,4.4,1971522,15373,15373,0
320,303,452,1368,3637,4.3,1118033,6080,6080,0
54,53,52,92,451,4.2,2098655,702,702,0
246,193,222,589,1440,4.0,1473743,2690,2690,0
0,0,0,0,2,5.0,2245942,2,2,0
277,239,185,220,1074,3.8,2094258,1995,1995,0
141,158,186,374,1601,4.3,1287408,2460,2460,0
107,90,93,140,335,3.7,1621523,765,765,0
26,32,24,30,42,3.2,2225845,154,154,0
211,169,157,433,977,3.9,2100972,1947,1947,0
109,78,76,121,412,3.8,1799048,796,796,0
113,117,168,620,1723,4.4,1642081,2741,2741,0
40,50,79,133,616,4.3,1827062,918,918,0
183,145,152,206,426,3.5,1551902,1112,1112,0
53,43,65,119,264,3.9,1394519,544,544,0
76,64,77,132,374,3.9,1698695,723,723,0
43,44,85,378,1662,4.6,2234730,2212,2212,0
25,38,46,106,628,4.5,1711639,843,843,0
277,222,248,448,1698,4.1,1585819,2893,2893,0
64,82,86,178,693,4.2,1505213,1103,1103,0
49,50,100,313,696,4.3,2181238,1208,1208,0
15,15,17,17,104,4.1,1587674,168,168,0
7,13,19,33,140,4.3,2072437,212,212,0
18,12,18,45,159,4.3,1648633,252,252,0
159,86,36,39,64,2.4,2089811,384,384,0
47,52,66,210,958,4.5,136952,1333,1333,0
33,32,40,78,293,4.2,1877505,476,476,0
36,27,38,43,308,4.2,1961069,452,452,0
21,20,23,18,139,4.1,2053833,221,221,0
7,4,7,8,29,3.9,2115558,55,55,0
74,65,121,342,903,4.3,203448,1505,1505,0
0,0,0,0,1,5.0,2266732,1,1,0
9,16,23,25,49,3.7,2144632,122,122,1
9,12,15,12,121,4.3,1987635,169,169,0
11,10,11,28,58,3.9,1837327,118,118,1
0,0,0,1,1,4.5,2264414,2,2,0
19,19,25,33,65,3.7,1911700,161,161,0
22,18,62,262,514,4.4,2191849,878,878,0
14,15,14,19,63,3.8,2117919,125,125,0
9,2,6,8,42,4.1,2050243,67,67,0
18,23,12,18,110,4.0,2005593,181,181,0
69,59,89,191,625,4.2,1370766,1033,1033,0
43,44,85,378,1662,4.6,2234730,2212,2212,0
164,136,252,689,1843,4.3,1296284,3084,3084,0
3,2,12,16,74,4.5,2135879,107,107,0
26,25,35,86,343,4.3,838821,515,515,0
21,19,17,28,139,4.1,2061133,224,224,0
26,24,27,49,266,4.3,1323203,392,392,0
11,9,12,35,87,4.2,1900984,154,154,0
109,63,50,67,184,3.3,1744283,473,473,0
69,44,60,101,180,3.6,1474097,454,454,0
1,3,5,8,47,4.5,2135655,64,64,0
3,13,43,220,569,4.6,2098598,848,848,0
0,0,0,0,1,5.0,2274298,1,1,0
34,48,29,28,133,3.7,2089688,272,272,0
1,2,5,1,17,4.2,2203206,26,26,0
13,9,13,24,83,4.1,1900976,142,142,0
0,0,1,0,6,4.7,2235745,7,7,0
2,6,8,5,26,4.0,2179083,47,47,0
112,114,131,312,1005,4.2,1961093,1674,1674,0
9,14,14,33,180,4.4,2140788,250,250,0
62,30,48,99,232,3.9,1662071,471,471,0
1,1,1,1,6,4.0,2083236,10,10,0
0,0,0,1,5,4.8,2149417,6,6,0
33,22,43,41,92,3.6,1670892,231,231,1
28,24,26,75,171,4.0,1916519,324,324,0
100,78,70,245,633,4.1,1727494,1126,1126,0
5,8,7,9,42,4.1,1990647,71,71,0
11,10,20,28,122,4.3,1949866,191,191,0
18,17,19,27,90,3.9,2181220,171,171,0
31,36,51,150,428,4.3,1531532,696,696,0
102,69,38,78,209,3.4,2089670,496,496,0
150,137,173,236,558,3.7,1673748,1254,1254,0
1,0,2,3,22,4.6,2208486,28,28,0
18,9,17,17,66,3.8,1386895,127,127,0
9,8,7,16,57,4.1,1533819,97,97,0
0,2,2,9,21,4.4,2083459,34,34,0
20,4,12,24,50,3.7,1576487,110,110,0
38,22,36,21,67,3.3,1858653,184,184,0
41,8,6,0,5,1.7,1869098,60,60,1
3,0,1,3,15,4.2,2131670,22,22,0
0,2,4,2,14,4.3,2102457,22,22,0
2,3,2,6,27,4.3,1672765,40,40,0
3,2,6,3,18,4.0,2102549,32,32,0
71,83,133,343,1173,4.4,756593,1803,1803,0
4,7,3,6,29,4.0,1727205,49,49,0
9,6,5,6,23,3.6,1648385,49,49,0
119,85,102,254,802,4.1,1344274,1362,1362,0
45,37,28,48,114,3.5,1994375,272,272,0
0,0,2,0,0,3.0,2225357,2,2,0
2,2,0,2,12,4.1,1841782,18,18,0
16,12,18,15,46,3.6,2060556,107,107,0
16,5,8,2,27,3.3,1689793,58,58,0
9,9,11,19,88,4.2,1230432,136,136,0
19,20,17,41,212,4.3,1112564,309,309,0
6,11,11,32,88,4.3,889840,148,148,0
7,8,6,18,48,4.1,1932821,87,87,0
45,34,41,31,110,3.5,1703768,261,261,0
16,9,1,9,31,3.5,1892983,66,66,0
3,6,10,21,45,4.2,1998855,85,85,1
2,3,1,0,20,4.3,1927789,26,26,0
1,1,0,2,7,4.2,2143477,11,11,0
9,6,5,9,24,3.6,1785021,53,53,0
2,3,4,0,4,3.1,1795103,13,13,0
39,23,40,48,121,3.7,1433945,271,271,0
1592,843,536,592,1039,2.7,1719731,4602,4602,0
7,8,5,9,14,3.3,1820414,43,43,0
65,30,17,9,20,2.2,1869072,141,141,1
58,23,12,16,47,2.8,1711357,156,156,1
14,8,7,14,37,3.7,1370543,80,80,0
18,11,8,25,89,4.0,1575265,151,151,0
4,1,0,0,5,3.1,1909696,10,10,0
1,3,3,1,11,3.9,1876234,19,19,1
4,2,2,4,13,3.8,1949833,25,25,0
7,3,3,8,23,3.8,2054914,44,44,0
16,13,10,6,16,2.9,2143865,61,61,0
1,1,1,0,7,4.1,2229417,10,10,0
23,17,12,68,178,4.2,861690,298,298,0
7,0,1,0,3,2.3,2216729,11,11,0
0,0,0,1,5,4.8,1771104,6,6,0
4,3,1,2,17,3.9,1836105,27,27,0
11,10,8,12,21,3.4,2041747,62,62,0
1,0,0,4,8,4.4,1993732,13,13,0
0,0,0,1,2,4.7,2145324,3,3,0
2,7,2,6,21,4.0,1840537,38,38,0
3,4,3,2,3,2.9,2122935,15,15,0
1,2,0,4,10,4.2,1936798,17,17,0
8,6,5,16,25,3.7,1656917,60,60,0
2,2,3,1,5,3.4,1977578,13,13,0
1,1,2,3,11,4.2,1575588,18,18,0
1,2,1,1,4,3.6,1936731,9,9,0
0,0,1,0,6,4.7,2043693,7,7,0
29,7,3,2,6,1.9,2226793,47,47,0
1,4,1,1,4,3.3,1821875,11,11,0
3,2,2,2,4,3.2,1901370,13,13,0
26,14,4,8,26,2.9,1797661,78,78,0
8,6,6,5,8,3.0,2145514,33,33,0
1,1,1,1,4,3.8,1865245,8,8,0
0,0,0,0,5,5.0,1672773,5,5,0
2,0,1,2,4,3.7,1927771,9,9,0
4,1,2,4,41,4.5,1797752,52,52,0
0,0,1,0,2,4.3,1967538,3,3,0
439,575,1032,2576,9583,4.4,1056084,14205,14205,0
153,173,304,880,2903,4.4,2080224,4413,4413,0
44,53,208,1095,2975,4.6,2217479,4375,4375,0
132,172,386,1429,7991,4.7,1578699,10110,10110,0
254,299,379,589,1750,4.0,1790534,3271,3271,0
55,89,109,226,871,4.3,2217511,1350,1350,0
103,141,322,990,1826,4.3,1317395,3382,3382,0
120,121,183,621,2524,4.5,1012855,3569,3569,0
1,0,3,5,22,4.5,2217396,31,31,0
29,23,56,133,860,4.6,1178219,1101,1101,0
48,55,143,628,3442,4.7,929778,4316,4316,0
3,6,20,80,167,4.5,2251544,276,276,0
2,5,7,17,39,4.2,2203594,70,70,0
17,11,13,31,117,4.2,2181329,189,189,0
50,70,68,86,218,3.7,2182111,492,492,0
57,86,131,388,1389,4.4,764936,2051,2051,0
22,31,67,219,580,4.4,2100501,919,919,0
32,40,44,66,136,3.7,2182319,318,318,0
34,35,48,145,588,4.4,1454271,850,850,0
15,12,5,20,145,4.4,2226785,197,197,1
22,21,64,389,1085,4.6,2005130,1581,1581,0
0,0,0,0,2,5.0,2236685,2,2,0
9,17,42,188,512,4.5,2029817,768,768,0
25,29,114,663,2889,4.7,2226769,3720,3720,0
47,25,31,38,223,4.0,2226777,364,364,0
143,148,194,547,1395,4.2,829713,2427,2427,0
65,78,110,347,927,4.3,2086577,1527,1527,0
12,16,4,25,139,4.3,1447382,196,196,0
28,23,23,42,174,4.1,1695204,290,290,0
15,26,14,45,226,4.4,1868207,326,326,0
8,16,9,13,30,3.5,2182178,76,76,0
1,1,4,8,58,4.7,2140804,72,72,0
41,35,52,163,548,4.4,1180116,839,839,0
6,9,11,8,65,4.2,2115665,99,99,0
2,0,1,3,23,4.6,2102432,29,29,0
59,18,26,110,399,4.3,1639277,612,612,0
35,44,66,196,187,3.9,1772995,528,528,0
1,3,5,8,47,4.5,2135655,64,64,0
39,45,49,146,473,4.3,1240944,752,752,0
23,23,41,116,357,4.4,742130,560,560,0
0,0,0,0,1,5.0,2031730,1,1,0
33,30,54,183,834,4.5,1461086,1134,1134,0
1,1,9,18,64,4.5,1639665,93,93,0
1,0,3,0,15,4.5,2024016,19,19,0
6,5,23,45,99,4.3,2100485,178,178,0
1,2,1,13,37,4.5,1685338,54,54,0
9,12,13,32,69,4.0,2031631,135,135,0
55,76,113,326,1088,4.4,1820794,1658,1658,0
20,7,22,30,65,3.8,1723014,144,144,0
12,14,38,84,222,4.3,1941517,370,370,0
8,5,17,27,86,4.2,1964451,143,143,0
17,25,28,55,169,4.1,1622075,294,294,0
4,1,1,3,11,3.8,2109007,20,20,0
15,14,9,33,161,4.3,1781624,232,232,0
1,0,1,1,39,4.8,1578335,42,42,0
0,1,7,11,50,4.6,1110055,69,69,0
49,20,26,40,94,3.5,1642305,229,229,0
40,32,62,143,575,4.4,1441146,852,852,0
1,1,0,25,84,4.7,2199487,111,111,0
7,8,12,18,53,4.0,1721356,98,98,0
0,1,1,5,23,4.7,2181436,30,30,0
0,0,1,0,6,4.7,2224921,7,7,0
1,0,0,4,13,4.6,1987692,18,18,0
2,6,5,16,53,4.4,1820927,82,82,0
4,2,3,5,37,4.4,1827989,51,51,0
2,5,13,39,118,4.5,2029775,177,177,0
2,2,7,4,21,4.1,2002715,36,36,0
0,6,6,13,20,4.0,2048809,45,45,0
1,1,4,4,34,4.6,1861970,44,44,0
58,141,415,1234,1342,4.1,2086924,3190,3190,0
15,16,19,21,85,3.9,1822360,156,156,0
11,9,7,13,37,3.7,2182384,77,77,0
0,2,1,3,9,4.3,2182244,15,15,0
11,7,10,17,45,3.9,1779834,90,90,1
4,2,2,8,22,4.1,1820935,38,38,0
0,1,3,0,9,4.3,2182442,13,13,0
6,4,6,10,34,4.0,1861939,60,60,0
4,4,2,8,33,4.2,1895036,51,51,0
8,3,1,3,11,3.2,1911171,26,26,1
1,2,3,4,34,4.5,1814003,44,44,0
0,1,1,4,9,4.4,2201135,15,15,0
10,11,21,21,35,3.6,1911247,98,98,0
3,4,1,4,9,3.6,1639970,21,21,0
2,2,5,15,79,4.6,2199495,103,103,0
0,1,1,1,4,4.1,2109114,7,7,0
3,7,6,13,41,4.2,2139533,70,70,0
1,2,0,2,11,4.3,2087823,16,16,0
9,20,28,101,313,4.5,1118819,471,471,0
0,1,3,1,24,4.7,1672278,29,29,0
4,15,12,47,136,4.4,1953835,214,214,0
4,4,4,8,25,4.0,1961077,45,45,0
1,1,3,5,16,4.3,1441211,26,26,0
1,0,3,3,16,4.4,1949965,23,23,0
5,2,2,8,16,3.8,2136323,33,33,0
8,6,27,77,279,4.5,1849686,397,397,0
9,4,4,5,11,3.2,1809862,33,33,0
6,12,9,16,43,3.9,1852987,86,86,0
0,0,2,4,8,4.4,1805282,14,14,0
0,1,0,1,1,3.7,1861996,3,3,0
1,0,0,1,3,4.0,1936772,5,5,0
2,0,0,0,2,3.0,1909662,4,4,0
1,0,0,0,1,3.0,2166502,2,2,0
5,3,3,20,47,4.3,1505593,78,78,0
9,5,20,70,102,4.2,1849439,206,206,0
3,3,2,3,9,3.6,1949924,20,20,0
4,6,12,24,154,4.6,2015980,200,200,0
10,22,29,34,104,4.0,2218790,199,199,0
199,226,332,827,2819,4.3,2137230,4403,4403,0
9,7,18,34,142,4.4,2230274,210,210,0
66,77,131,377,2564,4.6,2211076,3215,3215,0
65,97,251,679,2022,4.4,2181865,3114,3114,0
26,19,39,78,198,4.1,2221869,360,360,0
19,7,12,6,13,2.8,2191963,57,57,0
2,6,9,17,92,4.5,2157683,126,126,0
95,72,79,137,397,3.9,1943521,780,780,0
39,51,79,309,1995,4.7,1402999,2473,2473,0
7,7,8,24,85,4.3,2201473,131,131,0
11,17,17,23,88,4.0,1839554,156,156,1
45,61,90,253,1321,4.6,2171510,1770,1770,0
24,30,48,141,451,4.4,2033454,694,694,0
113,117,168,620,1723,4.4,1642081,2741,2741,0
5,22,73,499,1731,4.7,1935659,2330,2330,0
19,37,33,63,275,4.3,1484989,427,427,0
0,1,1,2,3,4.0,2266153,7,7,0
10,25,55,132,473,4.5,2207355,695,695,0
19,24,29,101,455,4.5,1941970,628,628,0
4,6,11,20,95,4.4,2191435,136,136,0
46,56,93,234,831,4.4,2252096,1260,1260,0
28,32,86,289,1337,4.6,1890615,1772,1772,0
69,68,111,257,491,4.0,2193084,996,996,0
4,5,10,28,166,4.6,2251627,213,213,0
8,10,20,27,123,4.3,2210524,188,188,0
1,1,0,1,13,4.5,2237816,16,16,0
70,64,83,255,932,4.4,1098821,1404,1404,0
2,5,6,6,21,4.0,2191880,40,40,0
8,15,39,160,831,4.7,2027209,1053,1053,0
8,19,36,117,270,4.4,2102465,450,450,0
9,18,32,85,642,4.7,1993948,786,786,0
18,12,18,45,159,4.3,1648633,252,252,0
14,19,28,47,179,4.2,2150589,287,287,0
23,32,48,159,677,4.5,2200681,939,939,0
0,0,1,0,5,4.7,2225431,6,6,0
3,7,15,20,79,4.3,2118982,124,124,0
32,36,139,634,1293,4.5,1855402,2134,2134,0
15,16,25,94,220,4.3,2229870,370,370,0
9,16,23,25,49,3.7,2144632,122,122,1
19,10,12,21,54,3.7,2076313,116,116,0
0,2,0,3,21,4.7,2261055,26,26,0
11,10,11,28,58,3.9,1837327,118,118,1
0,0,0,0,1,5.0,2274249,1,1,0
8,12,13,19,95,4.2,2070076,147,147,0
2,5,4,10,25,4.1,2220812,46,46,0
16,14,28,67,207,4.3,1719244,332,332,0
1,3,3,6,52,4.6,1987809,65,65,0
2,8,15,35,266,4.7,2254555,326,326,0
11,5,11,13,96,4.3,1875046,136,136,0
7,10,13,33,113,4.3,2028884,176,176,0
1,7,8,9,49,4.3,1933308,74,74,0
2,3,3,8,15,4.0,2090124,31,31,0
1,3,5,8,47,4.5,2135655,64,64,0
10,9,12,18,28,3.6,1902725,77,77,0
112,114,131,312,1005,4.2,1961093,1674,1674,0
9,6,17,15,106,4.3,1813492,153,153,0
3,7,15,20,79,4.3,2118982,124,124,0
7,13,47,197,477,4.5,2207256,741,741,0
2,6,48,216,720,4.7,2098549,992,992,0
12,8,4,9,34,3.7,2061653,67,67,0
12,8,14,35,193,4.5,2112704,262,262,0
9,7,5,2,10,2.9,2243079,33,33,0
27,20,47,73,494,4.5,2219079,661,661,0
34,62,125,369,1381,4.5,1330281,1971,1971,0
4,1,2,5,31,4.3,1966035,43,43,0
1,0,1,3,26,4.7,2119790,31,31,0
0,0,0,2,13,4.9,2084234,15,15,0
1,0,2,3,32,4.7,2234565,38,38,0
4,7,10,24,91,4.4,2137222,136,136,0
13,8,7,24,100,4.3,1911551,152,152,0
2,3,6,14,78,4.6,1947415,103,103,0
25,24,18,35,143,4.0,1898071,245,245,0
15,6,9,15,24,3.4,2171379,69,69,0
26,31,49,96,216,4.1,1582741,418,418,1
30,28,28,107,301,4.3,1631951,494,494,0
4,9,14,28,75,4.2,1540053,130,130,0
0,3,9,8,77,4.6,2169969,97,97,0
4,1,2,1,14,3.9,2090389,22,22,0
0,0,0,2,11,4.8,2150662,13,13,0
0,0,1,3,19,4.8,2231371,23,23,0
71,83,133,343,1173,4.4,756593,1803,1803,0
0,1,2,0,2,3.6,2198075,5,5,0
14,21,24,68,195,4.3,1613272,322,322,0
0,1,0,0,5,4.5,1978360,6,6,0
18,12,30,91,499,4.6,1711001,650,650,1
4,7,10,17,95,4.4,2027522,133,133,0
7,1,1,1,9,3.2,2110542,19,19,0
9,6,5,6,23,3.6,1648385,49,49,0
2,3,5,5,24,4.2,2208007,39,39,0
18,17,10,18,77,3.8,1994151,140,140,0
1,1,4,7,30,4.5,2156131,43,43,0
6,4,14,30,182,4.6,1973163,236,236,0
12,17,26,31,150,4.2,1784438,236,236,0
11,42,87,248,423,4.3,2181915,811,811,0
5,5,19,51,116,4.4,2197747,196,196,0
6,4,7,8,41,4.1,1735067,66,66,1
9,12,10,10,28,3.5,1672609,69,69,0
34,30,33,23,81,3.4,2028272,201,201,0
45,34,41,31,110,3.5,1703768,261,261,0
21,28,43,168,492,4.4,1098888,752,752,0
3,3,7,11,36,4.2,2179257,60,60,0
1,1,5,8,31,4.5,1539907,46,46,0
0,3,0,2,7,4.1,2187144,12,12,0
1,1,0,2,7,4.2,2143477,11,11,0
7,8,9,10,78,4.3,2141596,112,112,0
0,2,0,0,7,4.3,2220069,9,9,0
4,4,5,6,12,3.6,1907849,31,31,0
3,3,3,1,15,3.9,1673334,25,25,0
0,0,0,0,4,5.0,2157121,4,4,0
3,4,4,6,35,4.3,2140648,52,52,0
0,2,2,4,9,4.2,1707504,17,17,0
0,0,0,0,7,5.0,2106714,7,7,0
9,20,28,101,313,4.5,1118819,471,471,0
12,14,6,16,34,3.6,2034874,82,82,0
1,0,2,2,0,3.0,2101897,5,5,0
0,0,0,5,11,4.7,1987197,16,16,0
18,11,8,25,89,4.0,1575265,151,151,0
9,10,2,9,20,3.4,1993419,50,50,0
2,1,0,0,4,3.4,2157147,7,7,0
0,1,3,1,5,4.0,2205722,10,10,0
3,0,1,2,13,4.2,2125466,19,19,0
2,3,0,1,5,3.4,2202539,11,11,0
4,3,5,1,11,3.5,1901446,24,24,0
1,2,2,4,8,3.9,2174977,17,17,0
6,1,1,4,7,3.3,1975085,19,19,0
0,0,2,0,10,4.7,2115319,12,12,0
2,4,4,2,17,4.0,2206480,29,29,0
3,1,2,8,18,4.2,1920594,32,32,0
5,15,9,16,53,4.0,1505163,98,98,0
8,4,6,16,58,4.2,1627421,92,92,0
5,4,0,3,9,3.3,2097483,21,21,0
1,0,1,0,4,4.0,2225753,6,6,0
13,11,23,31,36,3.6,1781475,114,114,1
20,25,24,70,228,4.3,1009109,367,367,0
11,14,3,15,44,3.8,1911072,87,87,0
0,1,0,3,4,4.3,1977537,8,8,0
58,29,42,54,166,3.7,2041598,349,349,0
1,0,0,1,1,3.3,2152601,3,3,0
0,0,0,2,8,4.8,1687003,10,10,0
13,7,27,55,256,4.5,1323153,358,358,0
18,16,19,44,230,4.4,1639855,327,327,0
21,13,25,57,244,4.4,1289693,360,360,0
1,2,3,0,7,3.8,1875038,13,13,0
68,46,83,240,1870,4.6,1236843,2307,2307,0
70,64,83,255,932,4.4,1098821,1404,1404,0
127,157,216,677,2994,4.5,1073063,4171,4171,0
302,204,290,558,1075,3.8,1229384,2429,2429,0
10,8,20,23,112,4.3,1941277,173,173,0
25,16,18,63,314,4.4,1310572,436,436,0
46,71,90,152,316,3.9,1451418,675,675,0
68,62,103,196,839,4.3,1704436,1268,1268,0
17,25,28,55,169,4.1,1622075,294,294,0
13,14,8,13,25,3.3,1873330,73,73,1
16,10,11,19,71,3.9,1899475,127,127,0
3,1,5,11,19,4.1,1978386,39,39,0
18,11,8,25,89,4.0,1575265,151,151,0
0,1,1,1,0,3.0,2257285,3,3,0
461,604,877,2183,6941,4.3,2172310,11066,11066,0
62,92,118,230,819,4.3,1925577,1321,1321,0
98,104,148,342,1460,4.4,2223089,2152,2152,0
63,112,156,298,729,4.1,1925841,1358,1358,0
261,173,126,149,341,3.1,2094548,1050,1050,0
111,145,133,213,665,3.9,2173367,1267,1267,0
111,119,165,357,984,4.1,2037596,1736,1736,0
56,71,111,308,1207,4.4,1900315,1753,1753,0
25,16,28,93,331,4.4,2137834,493,493,0
2,2,0,2,15,4.2,2247450,21,21,0
191,206,303,1055,3000,4.4,1247204,4755,4755,0
163,206,350,770,2686,4.3,2209344,4175,4175,0
190,214,357,1117,2634,4.3,1810787,4512,4512,0
33,36,90,382,1060,4.5,2044477,1601,1601,0
17,34,52,173,348,4.3,2246841,624,624,0
31,29,30,73,271,4.2,1833532,434,434,0
158,216,323,678,1152,4.0,1686211,2527,2527,0
55,61,89,317,811,4.3,1317650,1333,1333,0
10,1,4,6,10,3.2,2252179,31,31,0
53,52,66,69,305,4.0,2113934,545,545,0
14,18,27,56,209,4.3,2103596,324,324,0
13,41,188,777,1026,4.4,2040871,2045,2045,0
127,85,101,246,843,4.1,2199370,1402,1402,0
44,64,80,180,457,4.1,1727338,825,825,0
49,47,41,82,305,4.0,1697440,524,524,0
135,132,213,373,618,3.8,1779099,1471,1471,0
241,316,443,1150,2654,4.2,2086866,4804,4804,0
85,107,161,482,1181,4.3,870519,2016,2016,0
104,121,151,395,755,4.0,1345206,1526,1526,0
6,27,25,64,175,4.3,2228443,297,297,0
127,157,216,677,2994,4.5,1073063,4171,4171,0
39,30,61,90,198,3.9,2118115,418,418,0
53,43,50,49,141,3.5,2037778,336,336,0
122,137,133,387,996,4.1,1307388,1775,1775,0
58,70,67,117,224,3.7,1317775,536,536,0
15,6,35,196,393,4.5,2176444,645,645,0
4,5,5,5,39,4.2,1897123,58,58,0
159,149,174,268,524,3.7,1833888,1274,1274,0
29,25,52,127,338,4.3,1626969,571,571,0
154,150,184,420,840,3.9,2086809,1748,1748,0
10,12,15,68,189,4.4,2102135,294,294,0
34,51,63,121,288,4.0,1887447,557,557,0
34,45,79,194,548,4.3,2194009,900,900,0
35,49,80,213,323,4.1,472597,700,700,0
1,3,3,5,13,4.0,2034775,25,25,0
5,18,43,137,123,4.1,2196871,326,326,0
24,53,145,481,618,4.2,2169860,1321,1321,0
41,40,45,85,242,4.0,1885631,453,453,0
25,34,22,48,98,3.7,1968981,227,227,0
46,71,90,152,316,3.9,1451418,675,675,0
20,21,29,38,141,4.0,1840461,249,249,0
25,19,20,19,82,3.7,1732296,165,165,0
12,15,17,47,94,4.1,1948207,185,185,0
34,36,22,33,94,3.5,1971928,219,219,0
1,4,1,15,43,4.5,1425727,64,64,0
8,3,8,21,42,4.0,1835503,82,82,0
18,29,42,119,239,4.2,685891,447,447,0
3,1,5,11,19,4.1,1978386,39,39,0
18,11,11,27,66,3.8,1648518,133,133,0
5,5,6,29,61,4.3,2139632,106,106,0
7,12,7,12,39,3.8,2071819,77,77,0
72,72,85,169,189,3.6,1192889,587,587,0
4,2,0,12,18,4.1,2139574,36,36,0
19,19,26,27,87,3.8,2211977,178,178,0
21,9,17,68,98,4.0,2119758,213,213,0
1,0,1,0,4,4.0,2142131,6,6,0
1,6,3,9,31,4.3,1975184,50,50,0
3,0,1,2,9,3.9,2194090,15,15,0
9,13,15,30,84,4.1,1956796,151,151,0
304,313,481,1175,2646,4.1,2086783,4919,4919,1
4,3,4,11,40,4.3,2071280,62,62,0
6,3,2,5,43,4.3,1726405,59,59,0
30,20,17,42,107,3.8,2086833,216,216,1
1,1,3,4,11,4.2,1673441,20,20,0
5,6,9,11,35,4.0,1776236,66,66,0
3,6,7,10,34,4.1,469254,60,60,0
34,43,79,158,416,4.2,1341098,730,730,0
0,3,6,5,8,3.8,1862515,22,22,0
5,6,4,8,10,3.4,1751916,33,33,1
11,14,11,24,69,4.0,1732221,129,129,0
3,1,4,3,4,3.3,2213866,15,15,0
1,0,0,0,2,3.7,1975119,3,3,0
4,2,1,6,22,4.1,1901479,35,35,0
1,0,2,1,5,4.0,1950500,9,9,0
2,0,0,0,2,3.0,1926542,4,4,0
59,32,41,94,538,4.3,1908458,764,764,0
89,55,49,103,387,3.9,1823657,683,683,0
30,8,12,33,91,3.8,1927714,174,174,0
67,32,54,170,586,4.3,1262575,909,909,0
9,8,9,14,41,3.9,2152114,81,81,0
41,16,16,62,253,4.2,1633106,388,388,0
25,17,17,35,64,3.6,1886027,158,158,0
3,1,1,0,12,4.0,2207215,17,17,0
1,2,0,0,8,4.1,2073518,11,11,0
0,0,0,0,2,5.0,2264323,2,2,0
26,32,24,30,42,3.2,2225845,154,154,0
28,32,86,289,1337,4.6,1890615,1772,1772,0
9,16,23,25,49,3.7,2144632,122,122,1
0,0,0,0,1,5.0,2031730,1,1,0
1,1,0,2,7,4.2,2143477,11,11,0
0,2,2,4,9,4.2,1707504,17,17,0
4,15,12,47,136,4.4,1953835,214,214,0
8,6,27,77,279,4.5,1849686,397,397,0
9,5,20,70,102,4.2,1849439,206,206,0
24,28,100,345,599,4.3,1664267,1096,1096,0
6,3,21,18,93,4.3,2244564,141,141,0
10,7,13,43,73,4.1,2129922,146,146,0
726,710,1093,2989,9003,4.3,1890623,14521,14521,0
136,158,337,1044,3380,4.5,1900083,5055,5055,0
31,35,59,68,380,4.3,2012748,573,573,0
455,359,558,1969,5950,4.4,1296060,9291,9291,0
0,1,0,3,9,4.5,2245835,13,13,0
15,26,34,120,342,4.4,1858042,537,537,0
10,16,32,44,172,4.3,1853548,274,274,0
22,32,44,102,325,4.3,2116879,525,525,0
7,5,5,11,65,4.3,1750165,93,93,0
52,63,113,283,1146,4.5,2178283,1657,1657,0
179,246,367,823,2646,4.3,2173714,4261,4261,0
37,38,65,91,318,4.1,2148690,549,549,0
44,36,134,379,589,4.2,2198620,1182,1182,0
44,37,64,188,865,4.5,1965524,1198,1198,0
49,68,154,928,2881,4.6,2026664,4080,4080,0
136,158,337,1044,3380,4.5,1807791,5055,5055,0
7,15,25,31,315,4.6,2187953,393,393,0
87,95,157,339,1441,4.4,2156487,2119,2119,0
23,38,123,379,590,4.3,2067544,1153,1153,0
1,2,13,79,248,4.7,2104354,343,343,0
6,2,3,16,50,4.3,2149193,77,77,0
11,13,11,36,154,4.4,1797539,225,225,0
81,135,212,565,1684,4.4,1888759,2677,2677,0
70,106,204,1008,4010,4.6,1906544,5398,5398,0
9,4,13,26,148,4.5,1987171,200,200,0
0,0,0,0,1,5.0,2273373,1,1,0
24,20,35,77,145,4.0,1764406,301,301,1
139,133,195,418,1324,4.2,2001576,2209,2209,0
382,398,434,877,1798,3.9,2036408,3889,3889,0
45,54,136,665,2010,4.6,1778794,2910,2910,0
27,49,59,125,519,4.4,2121234,779,779,0
2,3,9,4,13,3.7,2244606,31,31,0
20,32,42,113,315,4.3,2062446,522,522,0
85,90,157,477,1724,4.4,1827633,2533,2533,0
7,12,14,108,354,4.6,2184745,495,495,0
29,36,59,155,706,4.5,1905603,985,985,0
50,96,167,565,1665,4.5,2148385,2543,2543,0
42,62,151,560,1062,4.4,1963495,1877,1877,1
24,39,63,169,1017,4.6,2036044,1312,1312,0
171,157,269,518,856,3.9,1738913,1971,1971,0
2,0,3,7,46,4.6,2203511,58,58,0
193,202,267,741,2059,4.2,2101103,3462,3462,0
4,2,9,12,37,4.2,2209062,64,64,0
25,30,53,100,390,4.3,2108157,598,598,0
83,112,257,902,1719,4.3,1888312,3073,3073,0
32,37,51,157,487,4.3,1962695,764,764,0
57,63,110,203,412,4.0,2115343,845,845,1
113,126,173,419,1583,4.3,2029023,2414,2414,0
93,133,260,696,2219,4.4,1719251,3401,3401,0
2,3,8,15,50,4.4,2116739,78,78,0
8,11,46,210,452,4.5,1963941,727,727,0
23,19,36,160,525,4.5,1450121,763,763,0
0,0,0,1,13,4.9,2119105,14,14,0
17,19,17,24,56,3.6,2226736,133,133,0
34,48,88,260,1522,4.6,1637685,1952,1952,0
17,20,24,105,455,4.5,1589233,621,621,0
3,6,8,20,109,4.5,2107464,146,146,0
8,5,14,30,119,4.4,1921204,176,176,0
154,134,161,420,1429,4.2,1395243,2298,2298,0
2,8,12,28,74,4.3,2197663,124,124,0
11,20,54,192,425,4.4,2182855,702,702,0
7,8,8,8,55,4.1,2116895,86,86,0
66,48,30,57,148,3.5,1940022,349,349,0
4,14,24,30,161,4.4,2005759,233,233,0
0,2,5,8,58,4.7,2198984,73,73,0
6,5,7,14,82,4.4,2226173,114,114,0
32,36,139,634,1293,4.5,1855402,2134,2134,0
14,12,23,37,167,4.3,1919729,253,253,0
186,141,203,534,1472,4.2,1789403,2536,2536,0
1,1,1,8,17,4.4,1967595,28,28,1
7,12,14,108,354,4.6,2183622,495,495,1
5,9,14,26,61,4.1,2066207,115,115,0
9,16,23,25,49,3.7,2144632,122,122,1
14,20,24,61,201,4.3,2068336,320,320,0
25,54,93,318,802,4.4,1478585,1292,1292,0
3,0,3,13,56,4.6,2104727,75,75,0
11,12,18,35,104,4.2,2028223,180,180,1
3,13,4,37,152,4.5,1743509,209,209,0
25,15,11,31,100,3.9,1805563,182,182,1
1,3,4,3,6,3.6,2053379,17,17,1
36,67,84,234,673,4.3,1845577,1094,1094,0
12,11,16,25,78,4.0,2197705,142,142,0
8,17,24,109,189,4.3,1875467,347,347,0
37,38,75,405,1236,4.5,1850619,1791,1791,0
13,10,6,13,55,3.9,2126068,97,97,0
137,142,224,539,966,4.0,1389048,2008,2008,0
0,0,0,0,3,5.0,2246213,3,3,0
1,0,1,3,9,4.4,2225548,14,14,0
12,14,24,95,267,4.4,1865419,412,412,0
0,1,22,106,233,4.6,2232320,362,362,0
2,1,5,8,52,4.6,1920420,68,68,0
136,124,125,264,552,3.8,1884022,1201,1201,0
25,45,82,315,730,4.4,302190,1197,1197,0
18,13,25,35,104,4.0,2091593,195,195,0
22,7,15,36,104,4.0,2040640,184,184,0
10,11,9,18,53,3.9,2218022,101,101,0
36,30,37,87,236,4.1,2055549,426,426,0
8,7,40,253,628,4.6,1892835,936,936,0
5,3,7,14,48,4.3,2139491,77,77,1
1,0,5,11,46,4.6,2197903,63,63,0
36,57,119,282,865,4.4,1783380,1359,1359,0
26,28,28,51,163,4.0,2114296,296,296,0
3,4,15,35,197,4.6,1989979,254,254,0
11,10,20,67,162,4.3,2038560,270,270,0
12,15,12,29,147,4.3,2064293,215,215,0
5,6,30,117,216,4.4,1960541,374,374,0
2,3,2,8,73,4.7,2088573,88,88,0
0,0,2,1,13,4.7,2130649,16,16,0
7,8,21,56,235,4.5,1972157,327,327,0
14,16,30,75,202,4.3,1651546,337,337,0
2,6,12,17,64,4.3,1797562,101,101,0
49,21,26,40,109,3.6,2036515,245,245,0
2,4,4,25,64,4.5,2225894,99,99,0
0,0,0,3,28,4.9,2197630,31,31,0
14,32,48,76,207,4.1,2212025,377,377,0
354,369,367,529,1015,3.6,1851476,2634,2634,0
2,3,2,15,54,4.5,2144616,76,76,1
5,12,17,42,139,4.4,1846450,215,215,0
12,15,30,61,275,4.5,1911817,393,393,0
23,44,47,149,357,4.2,2058469,620,620,0
2,1,1,3,24,4.5,2050060,31,31,0
12,2,5,10,21,3.5,2237758,50,50,0
12,6,20,25,65,4.0,2151348,128,128,0
17,22,49,151,328,4.3,1483296,567,567,0
14,20,40,100,318,4.4,1287580,492,492,0
4,5,9,5,23,3.8,2239226,46,46,0
16,21,66,319,715,4.5,2029254,1137,1137,0
23,14,23,88,256,4.3,1958917,404,404,0
3,2,5,17,71,4.5,2074789,98,98,0
7,6,12,54,176,4.5,1780857,255,255,0
3,1,1,2,23,4.4,2229250,30,30,0
28,31,26,59,118,3.8,1812965,262,262,0
3,3,8,6,49,4.4,2176667,69,69,0
1,2,5,9,35,4.4,2202232,52,52,0
45,54,136,665,2010,4.6,1829696,2910,2910,0
13,16,25,68,131,4.1,1674787,253,253,0
1,0,0,2,5,4.3,2104966,8,8,0
0,0,0,4,21,4.8,2185577,25,25,0
43,28,41,88,380,4.3,2009512,580,580,0
41,45,62,159,570,4.3,2026847,877,877,1
7,9,11,43,121,4.4,1783794,191,191,0
2,1,2,7,17,4.2,2216489,29,29,0
0,2,5,6,19,4.3,2169324,32,32,0
8,6,6,3,25,3.6,2022382,48,48,0
1,5,5,10,18,4.0,2117083,39,39,0
10,21,34,70,232,4.3,1818277,367,367,0
6,3,6,6,14,3.5,2171700,35,35,0
3,4,4,3,26,4.1,2228930,40,40,0
0,0,0,4,30,4.9,2177210,34,34,0
1,1,4,4,22,4.4,1978253,32,32,0
0,3,3,2,14,4.2,2159135,22,22,0
1,1,5,7,26,4.4,1964246,40,40,0
2,2,0,3,17,4.3,1750066,24,24,0
14,11,18,17,75,3.9,2063766,135,135,0
7,6,4,11,40,4.0,2143873,68,68,0
2,4,4,9,14,3.9,1813757,33,33,0
0,1,1,6,14,4.5,2182558,22,22,0
1,1,5,26,115,4.7,2136166,148,148,0
1,0,0,5,20,4.7,2228773,26,26,0
1,0,1,1,7,4.3,2197234,10,10,0
0,1,8,6,16,4.2,2234235,31,31,0
1,1,1,2,16,4.5,2069466,21,21,0
2,3,2,3,8,3.7,2217271,18,18,0
9,9,7,29,106,4.3,1968577,160,160,0
6,9,8,10,14,3.4,1965128,47,47,1
2,0,3,13,30,4.4,2178432,48,48,0
1,0,2,4,17,4.5,1779875,24,24,1
0,0,1,1,5,4.6,2233781,7,7,0
1,0,0,4,14,4.6,2115384,19,19,0
6,11,16,41,65,4.1,1648328,139,139,0
1,4,5,15,32,4.3,2094290,57,57,0
17,12,10,6,60,3.8,2065258,105,105,0
23,38,45,98,287,4.2,1881432,491,491,0
17,8,15,16,34,3.5,1993963,90,90,0
0,1,0,1,1,3.7,2200053,3,3,0
27,53,88,198,348,4.1,1899533,714,714,0
1,2,4,8,15,4.1,2083418,30,30,0
35,39,38,83,143,3.8,1897354,338,338,0
5,3,2,7,48,4.4,2088060,65,65,0
173,155,131,259,520,3.6,1439397,1238,1238,0
19,43,168,628,1252,4.4,1972611,2110,2110,0
28,22,33,63,107,3.8,1540590,253,253,0
8,8,12,19,66,4.1,2064855,113,113,0
6,3,9,9,21,3.8,2068203,48,48,0
2,5,4,14,50,4.4,2156875,75,75,0
6,8,5,28,60,4.2,1814037,107,107,1
6,9,52,223,419,4.5,2136042,709,709,0
4,3,8,15,7,3.5,1879733,37,37,1
24,31,42,81,293,4.2,1740091,471,471,0
34,30,33,23,81,3.4,2028272,201,201,0
1,6,6,11,33,4.2,1673144,57,57,0
33,26,38,59,99,3.6,1613116,255,255,0
5,1,1,1,0,1.8,2219996,8,8,0
1,5,5,15,54,4.4,1860055,80,80,0
0,2,6,6,40,4.6,1901339,54,54,1
0,3,3,5,25,4.4,1902527,36,36,0
0,0,0,0,7,5.0,2225647,7,7,0
4,4,5,8,21,3.9,2101129,42,42,0
2,9,6,12,70,4.4,1618248,99,99,0
13,23,19,29,81,3.9,1677459,165,165,0
8,2,2,2,10,3.2,2184109,24,24,0
0,0,2,10,37,4.7,2111177,49,49,0
0,0,1,1,7,4.7,2158186,9,9,0
3,1,1,3,7,3.7,2121085,15,15,0
6,14,55,253,247,4.3,2068096,575,575,0
0,2,1,4,19,4.5,1821693,26,26,0
38,42,60,196,341,4.1,1904192,677,677,0
8,6,7,11,22,3.6,2084325,54,54,1
2,0,0,0,9,4.3,2017358,11,11,0
2,4,10,7,28,4.1,2061190,51,51,0
5,10,14,6,22,3.5,1966183,57,57,0
2,1,2,5,5,3.7,1908631,15,15,1
198,143,117,180,370,3.4,1899699,1008,1008,1
0,0,4,1,10,4.4,2131936,15,15,0
2,3,5,11,34,4.3,1783786,55,55,0
1,1,0,3,5,4.0,2071215,10,10,0
3,6,4,5,6,3.2,2125169,24,24,0
1,0,0,1,14,4.7,2132769,16,16,0
1,0,0,0,2,3.7,2198943,3,3,0
163,120,104,139,244,3.2,1958776,770,770,0
3,0,0,0,3,3.0,2110633,6,6,0
1,4,1,3,20,4.3,1945336,29,29,0
4,1,3,6,9,3.7,1935857,23,23,0
11,10,17,67,117,4.2,2032258,222,222,0
0,1,0,0,5,4.5,2131258,6,6,0
2,1,5,5,8,3.8,2179208,21,21,0
0,0,1,0,2,4.3,2185486,3,3,0
4,8,8,19,18,3.7,1860212,57,57,0
1,0,1,0,2,3.5,2158152,4,4,0
0,0,1,3,15,4.7,1970805,19,19,1
18,13,17,21,45,3.5,2031656,114,114,0
0,1,0,2,12,4.7,2072874,15,15,0
0,0,0,1,1,4.5,2185494,2,2,0
8,5,7,3,9,3.0,2120053,32,32,0
1,0,2,1,11,4.4,1967280,15,15,0
1,1,2,1,3,3.5,1753243,8,8,1
1,0,4,7,17,4.3,1950542,29,29,0
1,4,4,7,10,3.8,1950146,26,26,0
8,5,8,15,75,4.3,2026839,111,111,0
0,0,0,1,8,4.9,1938448,9,9,0
0,1,0,1,0,3.0,2185460,2,2,0
1,2,5,3,26,4.4,1752997,37,37,1
1,1,1,4,12,4.3,1965334,19,19,0
0,0,2,3,5,4.3,2187235,10,10,0
1,0,1,6,8,4.3,1967371,16,16,0
1,0,1,0,8,4.4,2202315,10,10,0
6,5,9,12,74,4.3,1599109,106,106,0
3,5,5,13,27,4.1,1553890,53,53,0
2,4,4,13,12,3.8,1972322,35,35,0
1,0,0,2,5,4.3,2104966,8,8,0
3,5,1,1,4,2.9,2157634,14,14,0
0,1,1,1,2,3.8,1850254,5,5,0
2,3,3,7,9,3.8,2078509,24,24,0
1,0,3,2,7,4.1,1956010,13,13,0
0,4,1,3,12,4.2,1830314,20,20,0
7,1,8,17,40,4.1,1733575,73,73,0
3,0,5,6,16,4.1,1986330,30,30,0
1,1,2,5,7,4.0,1913920,16,16,0
41,43,52,106,156,3.7,1777663,398,398,0
29,18,30,47,81,3.6,1674191,205,205,0
1,1,0,1,1,3.0,2068690,4,4,0
114,158,405,1018,7263,4.7,2156578,8958,8958,0
155,229,517,2058,9034,4.6,980995,11993,11993,0
36,66,115,402,2082,4.6,1668995,2701,2701,0
7,15,25,31,315,4.6,2187953,393,393,0
58,70,125,254,897,4.3,2171668,1404,1404,0
26,55,76,190,582,4.3,1596402,929,929,0
87,95,219,756,2036,4.4,1991231,3193,3193,0
33,41,52,144,758,4.5,1961655,1028,1028,0
4,8,9,26,209,4.7,2180743,256,256,0
56,40,71,272,1054,4.5,2093565,1493,1493,0
5,6,12,15,82,4.4,2047207,120,120,0
12,13,23,34,137,4.2,2242840,219,219,0
34,35,58,197,430,4.3,2003002,754,754,0
154,134,161,420,1429,4.2,1395243,2298,2298,0
12,13,23,34,137,4.2,2165207,219,219,0
3,1,8,6,92,4.7,2221315,110,110,0
6,5,7,14,82,4.4,2226173,114,114,0
0,0,0,0,7,5.0,2222800,7,7,0
100,119,212,355,478,3.8,1900554,1264,1264,0
14,20,24,61,201,4.3,2068336,320,320,0
22,45,157,622,1299,4.5,2078020,2145,2145,0
16,29,59,209,815,4.6,1821446,1128,1128,0
22,7,15,36,104,4.0,2040640,184,184,0
36,30,37,87,236,4.1,2055549,426,426,0
2,9,7,11,14,3.6,2116457,43,43,0
20,26,39,62,411,4.5,1918713,558,558,0
3,4,15,35,197,4.6,1989979,254,254,0
4,1,1,4,27,4.3,2217032,37,37,0
117,89,161,288,413,3.7,1493998,1068,1068,0
6,3,6,19,82,4.4,2085736,116,116,1
23,44,47,149,357,4.2,2058469,620,620,0
2,1,1,3,24,4.5,2050060,31,31,0
9,4,15,42,80,4.2,2185866,150,150,0
23,14,23,88,256,4.3,1958917,404,404,0
12,20,47,108,377,4.5,902205,564,564,0
73,62,47,82,157,3.4,1688621,421,421,1
7,14,26,51,133,4.3,1845692,231,231,0
17,22,29,47,121,4.0,1352533,236,236,0
3,10,7,8,15,3.5,2252237,43,43,0
41,45,62,159,570,4.3,2026847,877,877,1
10,27,41,91,254,4.3,2094357,423,423,0
5,3,3,16,18,3.9,1675164,45,45,1
1,1,2,1,21,4.5,2204063,26,26,0
4,2,23,115,251,4.5,2172096,395,395,0
34,43,92,338,1193,4.5,1151026,1700,1700,0
2,5,6,14,64,4.5,2023471,91,91,0
29,30,40,95,301,4.2,1873355,495,495,0
8,4,4,20,36,4.0,1935576,72,72,1
11,9,5,19,40,3.8,2122703,84,84,0
14,11,18,17,75,3.9,2063766,135,135,0
4,9,10,19,50,4.1,2170033,92,92,0
13,4,11,40,91,4.2,1482538,159,159,0
1,3,1,4,30,4.5,2230498,39,39,0
0,3,5,14,135,4.8,2067841,157,157,0
1,6,7,8,42,4.3,2130169,64,64,0
0,0,0,0,7,5.0,2222800,7,7,0
5,3,2,7,48,4.4,2088060,65,65,0
37,43,57,163,361,4.2,1894393,661,661,0
6,5,9,11,31,3.9,2200624,62,62,0
14,26,37,54,145,4.1,1787159,276,276,0
0,2,6,5,45,4.6,2215762,58,58,0
10,3,3,2,22,3.6,1842269,40,40,0
1,0,2,2,22,4.6,2045698,27,27,0
0,0,6,17,89,4.7,2061711,112,112,0
0,3,3,5,25,4.4,1902527,36,36,0
0,0,5,4,24,4.6,2144822,33,33,1
1,1,0,3,9,4.3,2225613,14,14,0
21,17,5,12,13,2.7,2191393,68,68,0
13,10,28,79,313,4.5,1870161,443,443,0
9,6,2,3,15,3.3,2195972,35,35,0
6,3,7,7,26,3.9,2051258,49,49,0
0,0,2,2,9,4.5,2217263,13,13,0
2,4,10,7,28,4.1,2061190,51,51,0
2,1,2,6,9,4.0,2045649,20,20,0
0,1,2,1,17,4.6,2053114,21,21,0
0,0,4,0,3,3.9,2058204,7,7,0
1,1,1,3,19,4.5,1950070,25,25,0
0,0,0,3,6,4.7,2111243,9,9,0
3,3,3,4,17,4.0,1909928,30,30,0
0,0,0,0,2,5.0,2186039,2,2,0
1,1,2,11,33,4.5,2135853,48,48,0
1,1,0,0,7,4.2,2207728,9,9,0
7,2,7,18,38,4.1,2029908,72,72,0
3,1,4,3,9,3.7,1662303,20,20,1
1,0,1,3,4,4.0,2118180,9,9,0
2,1,1,5,24,4.5,1963446,33,33,0
0,1,2,0,1,3.3,2185981,4,4,0
24,28,100,345,599,4.3,1664267,1096,1096,0
726,710,1093,2989,9003,4.3,1890623,14521,14521,0
455,359,558,1969,5950,4.4,1296060,9291,9291,0
15,26,34,120,342,4.4,1858042,537,537,0
179,246,367,823,2646,4.3,2173714,4261,4261,0
44,37,64,188,865,4.5,1965524,1198,1198,0
23,38,123,379,590,4.3,2067544,1153,1153,0
139,133,195,418,1324,4.2,2001576,2209,2209,0
382,398,434,877,1798,3.9,2036408,3889,3889,0
27,49,59,125,519,4.4,2121234,779,779,0
42,62,151,560,1062,4.4,1963495,1877,1877,1
193,202,267,741,2059,4.2,2101103,3462,3462,0
57,63,110,203,412,4.0,2115343,845,845,1
113,126,173,419,1583,4.3,2029023,2414,2414,0
11,20,54,192,425,4.4,2182855,702,702,0
66,48,30,57,148,3.5,1940022,349,349,0
186,141,203,534,1472,4.2,1789403,2536,2536,0
11,12,18,35,104,4.2,2028223,180,180,1
25,15,11,31,100,3.9,1805563,182,182,1
1,3,4,3,6,3.6,2053379,17,17,1
36,67,84,234,673,4.3,1845577,1094,1094,0
8,17,24,109,189,4.3,1875467,347,347,0
136,124,125,264,552,3.8,1884022,1201,1201,0
22,7,15,36,104,4.0,2040640,184,184,0
10,11,9,18,53,3.9,2218022,101,101,0
26,28,28,51,163,4.0,2114296,296,296,0
11,10,20,67,162,4.3,2038560,270,270,0
49,21,26,40,109,3.6,2036515,245,245,0
354,369,367,529,1015,3.6,1851476,2634,2634,0
12,15,30,61,275,4.5,1911817,393,393,0
23,44,47,149,357,4.2,2058469,620,620,0
3,1,0,3,8,3.8,2119907,15,15,0
4,5,9,5,23,3.8,2239226,46,46,0
23,14,23,88,256,4.3,1958917,404,404,0
4,3,2,1,8,3.3,2074631,18,18,0
43,28,41,88,380,4.3,2009512,580,580,0
5,10,49,119,247,4.4,2139749,430,430,0
41,45,62,159,570,4.3,2026847,877,877,1
1,5,5,10,18,4.0,2117083,39,39,0
3,4,4,3,26,4.1,2228930,40,40,0
0,0,0,4,30,4.9,2177210,34,34,0
14,11,18,17,75,3.9,2063766,135,135,0
7,6,4,11,40,4.0,2143873,68,68,0
9,9,7,29,106,4.3,1968577,160,160,0
6,9,8,10,14,3.4,1965128,47,47,1
0,0,1,1,5,4.6,2233781,7,7,0
17,12,10,6,60,3.8,2065258,105,105,0
23,38,45,98,287,4.2,1881432,491,491,0
17,8,15,16,34,3.5,1993963,90,90,0
27,53,88,198,348,4.1,1899533,714,714,0
1,0,2,3,31,4.7,2191856,37,37,0
5,3,2,7,48,4.4,2088060,65,65,0
173,155,131,259,520,3.6,1439397,1238,1238,0
19,43,168,628,1252,4.4,1972611,2110,2110,0
8,8,12,19,66,4.1,2064855,113,113,0
4,3,8,15,7,3.5,1879733,37,37,1
0,0,0,0,7,5.0,2225647,7,7,0
4,4,5,8,21,3.9,2101129,42,42,0
13,23,19,29,81,3.9,1677459,165,165,0
8,2,2,2,10,3.2,2184109,24,24,0
6,14,55,253,247,4.3,2068096,575,575,0
38,42,60,196,341,4.1,1904192,677,677,0
2,1,2,5,5,3.7,1908631,15,15,1
198,143,117,180,370,3.4,1899699,1008,1008,1
0,0,4,1,10,4.4,2131936,15,15,0
1,1,0,3,5,4.0,2071215,10,10,0
163,120,104,139,244,3.2,1958776,770,770,0
3,0,0,0,3,3.0,2110633,6,6,0
4,1,3,6,9,3.7,1935857,23,23,0
11,10,17,67,117,4.2,2032258,222,222,0
4,8,8,19,18,3.7,1860212,57,57,0
1,0,1,0,2,3.5,2158152,4,4,0
8,5,7,3,9,3.0,2120053,32,32,0
1,4,4,7,10,3.8,1950146,26,26,0
1,0,1,6,8,4.3,1967371,16,16,0
2,4,4,13,12,3.8,1972322,35,35,0
3,5,1,1,4,2.9,2157634,14,14,0
2,3,3,7,9,3.8,2078509,24,24,0
29,18,30,47,81,3.6,1674191,205,205,0
1,1,0,1,1,3.0,2068690,4,4,0
233,233,357,818,5516,4.6,1966258,7157,7157,0
157,230,359,856,3207,4.4,2123065,4809,4809,0
262,352,507,1641,6543,4.5,2258473,9305,9305,0
25,55,95,275,1141,4.5,2210482,1591,1591,0
51,76,126,251,757,4.3,1779271,1261,1261,0
222,224,322,920,3997,4.5,1575042,5685,5685,0
134,128,145,355,1664,4.4,1378215,2426,2426,0
175,183,237,452,1440,4.1,1835339,2487,2487,0
57,116,202,594,1411,4.3,1307859,2380,2380,0
13,14,23,38,243,4.5,2225928,331,331,0
29,41,70,112,321,4.1,2169415,573,573,0
39,70,98,94,296,3.9,2063758,597,597,0
34,35,58,197,430,4.3,2003002,754,754,0
2,3,13,12,90,4.5,1780881,120,120,0
1,3,6,9,30,4.3,2199974,49,49,0
60,67,82,108,208,3.6,1959121,525,525,0
14,12,23,37,167,4.3,1919729,253,253,0
23,18,26,24,84,3.7,2123685,175,175,0
3,2,3,2,11,3.8,2253839,21,21,0
12,11,16,25,78,4.0,2197705,142,142,0
0,3,4,6,22,4.3,2217560,35,35,0
45,44,67,62,214,3.8,1842996,432,432,0
13,10,6,13,55,3.9,2126068,97,97,0
18,13,25,35,104,4.0,2091593,195,195,0
33,27,35,56,182,4.0,1500826,333,333,0
3,4,15,35,197,4.6,1989979,254,254,0
14,32,48,76,207,4.1,2212025,377,377,0
23,19,28,72,220,4.2,1923796,362,362,0
17,22,49,151,328,4.3,1483296,567,567,0
1,0,2,1,14,4.5,2217255,18,18,0
94,81,132,349,1506,4.4,1267418,2162,2162,0
8,17,16,20,99,4.2,1868223,160,160,0
5,7,25,68,98,4.2,2179299,203,203,0
0,2,0,4,8,4.3,2189033,14,14,0
25,12,8,15,29,3.1,2041945,89,89,1
91,78,65,177,328,3.8,1242510,739,739,0
12,2,2,5,27,3.7,1958503,48,48,1
1,2,1,10,48,4.6,2228856,62,62,0
1,3,3,7,21,4.3,1745793,35,35,0
69,86,170,705,3919,4.7,683490,4949,4949,0
5,7,11,26,58,4.2,2139467,107,107,0
1,0,1,1,7,4.3,2197234,10,10,0
5,9,16,30,111,4.4,2169258,171,171,0
8,9,10,15,23,3.6,2147585,65,65,0
6,5,9,11,31,3.9,2200624,62,62,0
0,0,1,0,6,4.7,2233484,7,7,0
48,34,18,20,34,2.7,2122752,154,154,0
0,2,6,6,40,4.6,1901339,54,54,1
0,0,6,17,89,4.7,2061711,112,112,0
5,10,14,15,59,4.1,1822758,103,103,0
35,47,117,443,1637,4.6,683508,2279,2279,0
1,0,1,2,3,3.9,1978956,7,7,0
2,1,1,6,26,4.5,1950559,36,36,0
0,5,7,4,12,3.8,2200657,28,28,0
6,1,1,0,10,3.4,2051811,18,18,0
34,41,101,349,1367,4.6,956359,1892,1892,0
2,3,7,4,6,3.4,2079549,22,22,0
1,3,0,2,4,3.5,2060762,10,10,1
5,12,12,8,20,3.5,1971761,57,57,0
0,0,2,0,2,4.0,2187243,4,4,0
0,3,2,5,5,3.8,1958586,15,15,0
1,0,0,1,2,3.8,2206589,4,4,0
102,103,77,105,149,3.2,1392489,536,536,0
2,0,1,2,5,3.8,2186070,10,10,0
455,359,558,1969,5950,4.4,1296060,9291,9291,0
15,26,34,120,342,4.4,1858042,537,537,0
4,7,3,4,7,3.1,2236545,25,25,0
4,13,7,32,126,4.4,2207892,182,182,0
27,49,59,125,519,4.4,2121234,779,779,0
154,134,161,420,1429,4.2,1395243,2298,2298,0
66,48,30,57,148,3.5,1940022,349,349,0
7,8,16,28,126,4.4,2224087,185,185,0
3,9,9,13,44,4.1,1902618,78,78,0
4,2,2,4,6,3.3,2248300,18,18,0
25,15,11,31,100,3.9,1805563,182,182,1
122,150,266,719,1677,4.3,108779,2934,2934,0
6,6,6,28,55,4.2,1766542,101,101,0
28,31,26,59,118,3.8,1812965,262,262,0
11,7,2,5,21,3.4,2197978,46,46,0
5,10,49,119,247,4.4,2139749,430,430,0
10,21,34,70,232,4.3,1818277,367,367,0
9,14,4,12,24,3.4,2217198,63,63,0
173,155,131,259,520,3.6,1439397,1238,1238,0
8,6,7,11,22,3.6,2084325,54,54,1
155,229,517,2058,9034,4.6,980995,11993,11993,0
36,66,115,402,2082,4.6,1668995,2701,2701,0
58,70,125,254,897,4.3,2171668,1404,1404,0
60,67,82,108,208,3.6,1959121,525,525,0
100,119,212,355,478,3.8,1900554,1264,1264,0
45,44,67,62,214,3.8,1842996,432,432,0
0,1,22,106,233,4.6,2232320,362,362,0
117,89,161,288,413,3.7,1493998,1068,1068,0
49,21,26,40,109,3.6,2036515,245,245,0
0,0,1,0,7,4.8,2232304,8,8,0
3,10,7,8,15,3.5,2252237,43,43,0
25,12,8,15,29,3.1,2041945,89,89,1
0,0,0,4,30,4.9,2177210,34,34,0
1,3,3,7,21,4.3,1745793,35,35,0
1,0,0,5,20,4.7,2228773,26,26,0
0,1,0,1,1,3.7,2200053,3,3,0
6,9,11,17,32,3.8,2105575,75,75,0
1,0,2,2,22,4.6,2045698,27,27,0
11,11,8,13,55,3.9,1911338,98,98,0
2,1,2,6,9,4.0,2045649,20,20,0
1,3,0,2,4,3.5,2060762,10,10,1
136,158,337,1044,3380,4.5,1900083,5055,5055,0
9,13,23,28,144,4.3,2116515,217,217,0
28,22,58,336,1063,4.6,1914209,1507,1507,0
35,31,50,123,477,4.4,1691278,716,716,0
42,39,95,637,1380,4.5,1906296,2193,2193,1
7,13,19,33,140,4.3,2072437,212,212,0
64,74,113,408,1347,4.4,1005438,2006,2006,0
17,18,32,195,642,4.6,2036069,904,904,0
56,52,99,333,1022,4.4,1724921,1562,1562,0
5,11,17,38,85,4.2,1864172,156,156,1
22,26,46,150,247,4.2,1656032,491,491,0
1,2,4,14,77,4.7,2005684,98,98,0
9,16,23,25,49,3.7,2144632,122,122,1
57,40,33,46,188,3.7,1833409,364,364,0
1,2,3,4,33,4.5,1975275,43,43,0
5,11,16,55,185,4.5,1903087,272,272,0
5,3,7,14,48,4.3,2139491,77,77,1
4,1,7,34,126,4.6,1948959,172,172,0
7,6,12,54,176,4.5,1780857,255,255,0
3,3,4,7,42,4.4,1542943,59,59,0
14,7,19,44,172,4.4,71571,256,256,0
1,0,1,0,3,3.8,2216539,5,5,0
55,32,25,50,123,3.5,1635705,285,285,0
0,0,0,0,5,5.0,2229482,5,5,0
0,0,0,1,2,4.7,2127801,3,3,0
6,11,16,41,65,4.1,1648328,139,139,0
3,2,5,18,64,4.5,1553569,92,92,0
3,1,3,9,16,4.1,1844273,32,32,0
1,1,1,6,22,4.5,1067818,31,31,0
0,1,3,6,9,4.2,1719129,19,19,0
4,4,4,18,77,4.5,1918275,107,107,0
0,0,1,2,10,4.7,2022390,13,13,0
5,2,2,4,12,3.6,1895143,25,25,1
102,36,46,43,89,2.9,1777366,316,316,0
2,0,0,0,9,4.3,2017358,11,11,0
6,3,2,3,8,3.2,2105088,22,22,0
0,0,1,3,15,4.7,1970805,19,19,1
0,1,0,1,7,4.6,1575646,9,9,0
2,1,0,3,4,3.6,1910041,10,10,0
4,4,4,18,77,4.5,1918226,107,107,0
1,0,6,0,3,3.4,1750249,10,10,0
0,0,1,1,2,4.3,1945195,4,4,0
0,0,0,1,3,4.8,1967496,4,4,0
1,4,7,5,56,4.5,1637313,73,73,0
37,38,65,91,318,4.1,2148690,549,549,0
136,158,337,1044,3380,4.5,1807791,5055,5055,0
2,0,3,7,46,4.6,2203511,58,58,0
9,16,23,25,49,3.7,2144632,122,122,1
2,3,2,15,54,4.5,2144616,76,76,1
4,3,2,1,8,3.3,2074631,18,18,0
0,2,5,3,9,4.0,2199065,19,19,0
15,14,9,21,67,3.9,2036002,126,126,0
43,28,41,88,380,4.3,2009512,580,580,0
12,2,2,5,27,3.7,1958503,48,48,1
1,1,1,2,16,4.5,2069466,21,21,0
0,3,5,14,135,4.8,2067841,157,157,0
1,4,5,15,32,4.3,2094290,57,57,0
23,38,45,98,287,4.2,1881432,491,491,0
6,3,9,9,21,3.8,2068203,48,48,0
0,0,5,4,24,4.6,2144822,33,33,1
4,4,5,8,21,3.9,2101129,42,42,0
0,0,1,1,7,4.7,2158186,9,9,0
3,6,4,5,6,3.2,2125169,24,24,0
4,1,3,6,9,3.7,1935857,23,23,0
1,0,3,2,7,4.1,1956010,13,13,0
1,1,2,5,7,4.0,1913920,16,16,0
1,1,0,1,1,3.0,2068690,4,4,0
195,341,702,2513,13709,4.7,248930,17460,17460,0
114,106,226,915,4391,4.6,1851435,5752,5752,0
37,62,100,273,1332,4.6,1581321,1804,1804,0
81,135,212,565,1684,4.4,1888759,2677,2677,0
44,91,177,497,1736,4.5,832642,2545,2545,0
25,35,52,112,437,4.4,1943331,661,661,0
20,32,42,113,315,4.3,2062446,522,522,0
0,4,8,11,52,4.5,2110187,75,75,0
8,7,17,17,95,4.3,2182574,144,144,0
0,0,1,3,22,4.8,2225605,26,26,0
7,7,12,55,182,4.5,2174993,263,263,0
2,13,23,132,477,4.7,2224954,647,647,0
1,1,2,8,64,4.8,2201226,76,76,0
63,77,148,605,2468,4.6,1164771,3361,3361,0
63,117,194,432,955,4.2,1475540,1761,1761,0
1,3,6,9,30,4.3,2199974,49,49,0
2,8,12,28,74,4.3,2197663,124,124,0
23,42,69,181,686,4.5,1925775,1001,1001,0
32,36,139,634,1293,4.5,1855402,2134,2134,0
9,9,12,58,195,4.5,1636828,283,283,0
0,0,0,0,3,5.0,2250173,3,3,0
3,9,9,13,44,4.1,1902618,78,78,0
2,4,5,14,56,4.5,2228732,81,81,0
2,1,6,14,48,4.5,2193712,71,71,0
3,4,9,6,14,3.7,2116390,36,36,0
17,56,80,357,1346,4.6,749143,1856,1856,0
42,61,124,365,1275,4.5,650226,1867,1867,0
22,22,50,123,419,4.4,1289511,636,636,0
0,0,0,0,11,5.0,2209146,11,11,0
80,72,147,452,1029,4.3,1636737,1780,1780,1
31,20,56,151,668,4.5,1859735,926,926,0
8,13,28,149,478,4.6,1972793,676,676,0
1,2,8,14,56,4.5,2189850,81,81,0
122,150,266,719,1677,4.3,108779,2934,2934,0
7,18,38,332,1095,4.7,1775451,1490,1490,0
25,45,82,315,730,4.4,302190,1197,1197,0
3,0,7,16,85,4.6,2040749,111,111,0
0,4,6,18,49,4.5,2217107,77,77,0
3,10,8,19,48,4.1,1813906,88,88,0
2,4,5,9,120,4.7,2177160,140,140,0
3,3,24,55,273,4.7,1942051,358,358,0
10,10,20,57,288,4.6,1291145,385,385,0
2,9,7,38,87,4.4,1630698,143,143,0
16,13,13,19,69,3.9,1364785,130,130,0
2,2,4,13,133,4.8,2252138,154,154,0
12,2,5,10,21,3.5,2237758,50,50,0
6,6,6,28,55,4.2,1766542,101,101,0
11,8,15,36,100,4.2,1912138,170,170,0
0,0,1,3,22,4.8,2225605,26,26,0
4,4,15,30,83,4.4,1922483,136,136,0
3,5,11,36,191,4.7,135897,246,246,0
0,3,2,3,24,4.5,1990464,32,32,0
3,6,10,14,46,4.2,1935501,79,79,0
0,1,2,1,15,4.6,2055861,19,19,0
1,4,1,6,47,4.6,2140614,59,59,0
7,8,19,59,171,4.4,1396167,264,264,0
17,41,124,325,538,4.3,2139863,1045,1045,0
1,1,2,0,10,4.2,2193241,14,14,0
7,9,11,43,121,4.4,1783794,191,191,0
0,0,3,1,13,4.6,2193720,17,17,0
6,23,23,57,218,4.4,1894468,327,327,0
1,1,2,9,26,4.5,2067676,39,39,0
5,1,0,2,26,4.3,2079515,34,34,0
1,2,1,10,48,4.6,2228856,62,62,0
5,11,11,27,82,4.3,2063741,136,136,0
1,1,4,4,22,4.4,1978253,32,32,0
3,2,11,16,95,4.6,1523638,127,127,0
2,0,0,1,7,4.1,2199479,10,10,0
3,5,10,19,58,4.3,1915321,95,95,0
18,37,57,124,293,4.2,1644327,529,529,0
6,11,16,41,65,4.1,1648328,139,139,0
5,7,10,17,23,3.7,2031714,62,62,0
17,30,49,156,611,4.5,1806579,863,863,0
0,3,2,9,26,4.4,2139822,40,40,0
96,113,84,149,245,3.5,1894377,687,687,0
15,27,37,122,382,4.4,985036,583,583,0
2,0,3,13,28,4.4,2136406,46,46,0
0,2,3,10,19,4.4,2206472,34,34,0
5,5,19,51,116,4.4,2197747,196,196,0
10,5,1,7,22,3.6,1909605,45,45,0
3,6,5,24,124,4.6,2034908,162,162,0
0,1,1,3,8,4.4,2229581,13,13,0
5,10,5,10,46,4.1,2047371,76,76,0
0,7,6,9,62,4.5,2217057,84,84,0
195,341,702,2513,13709,4.7,2063733,17460,17460,0
5,8,9,25,46,4.1,54312,93,93,0
7,14,21,54,336,4.6,1704196,432,432,0
1,4,3,11,63,4.6,1950435,82,82,0
5,7,10,24,43,4.0,1672849,89,89,0
0,0,0,5,11,4.7,1987197,16,16,0
1,0,0,0,7,4.5,2229599,8,8,0
2,3,5,11,34,4.3,1783786,55,55,0
4,6,19,20,55,4.1,2067858,104,104,0
0,0,0,1,11,4.9,1949478,12,12,0
0,1,0,1,22,4.8,1861491,24,24,0
3,1,2,8,18,4.2,1920594,32,32,0
0,0,1,6,15,4.6,1903483,22,22,0
3,0,6,7,27,4.3,1977495,43,43,0
24,23,34,60,154,4.0,1505304,295,295,0
0,2,0,5,17,4.5,1939966,24,24,0
0,1,1,1,9,4.5,1821974,12,12,0
70,98,161,519,2035,4.5,513234,2883,2883,0
42,60,111,493,2779,4.7,537878,3485,3485,0
10,12,33,55,386,4.6,2211027,496,496,0
55,88,145,498,2768,4.6,2064442,3554,3554,0
81,135,212,565,1684,4.4,1888759,2677,2677,0
21,29,40,94,541,4.5,1688860,725,725,0
44,91,177,497,1736,4.5,832642,2545,2545,0
2,4,8,18,84,4.5,2115939,116,116,0
7,7,12,55,182,4.5,2174993,263,263,0
8,18,18,58,421,4.7,1287986,523,523,0
1,1,2,8,64,4.8,2201226,76,76,0
63,77,148,605,2468,4.6,1164771,3361,3361,0
85,113,157,331,661,4.0,1629500,1347,1347,0
63,117,194,432,955,4.2,1475540,1761,1761,0
30,28,44,92,268,4.2,1898162,462,462,0
6,8,12,24,264,4.7,1954460,314,314,0
12,12,24,48,358,4.6,2207686,454,454,0
21,24,53,153,698,4.6,1239599,949,949,0
23,42,69,181,686,4.5,1925775,1001,1001,0
9,9,12,58,195,4.5,1636828,283,283,0
29,18,51,117,712,4.6,1522184,927,927,0
123,177,271,540,1224,4.1,1615186,2335,2335,0
0,0,1,2,24,4.9,2201259,27,27,0
19,33,58,156,677,4.5,2064228,943,943,0
3,3,1,9,41,4.4,2203552,57,57,0
44,59,85,304,775,4.3,1646702,1267,1267,0
22,22,50,123,419,4.4,1289511,636,636,0
14,9,19,54,255,4.5,1795236,351,351,0
2,1,2,4,19,4.3,2069821,28,28,0
0,0,2,1,23,4.8,2216950,26,26,0
13,29,49,170,822,4.6,828772,1083,1083,0
8,14,17,43,247,4.5,1942119,329,329,0
16,13,13,19,69,3.9,1364785,130,130,0
63,77,148,605,2468,4.6,1164805,3361,3361,0
9,23,26,51,298,4.5,1505106,407,407,0
12,9,40,75,272,4.4,1961499,408,408,0
27,24,21,19,78,3.6,1945567,169,169,0
2,3,10,14,105,4.6,1503382,134,134,0
2,1,2,5,29,4.5,2117497,39,39,0
0,0,1,4,16,4.7,2235000,21,21,0
1,1,0,4,26,4.7,1941202,32,32,0
1,5,5,9,56,4.5,1833565,76,76,0
38,32,28,66,193,4.0,1688803,357,357,0
5,10,11,24,72,4.2,1897917,122,122,0
0,0,0,0,1,5.0,2240182,1,1,0
6,10,13,18,25,3.6,1961473,72,72,1
3,2,11,16,95,4.6,1523638,127,127,0
3,5,7,11,25,4.0,1817402,51,51,0
3,2,11,15,84,4.5,2029924,115,115,0
18,37,57,124,293,4.2,1644327,529,529,0
6,8,12,35,178,4.6,847517,239,239,0
2,2,2,4,13,4.0,1813930,23,23,1
6,0,0,4,10,3.6,2199537,20,20,0
4,2,3,8,23,4.1,1978345,40,40,0
9,9,15,33,135,4.4,1814326,201,201,0
3,9,10,37,207,4.6,1806587,266,266,0
3,2,1,3,10,3.8,2114726,19,19,0
5,10,5,10,46,4.1,2047371,76,76,0
0,7,6,9,62,4.5,2217057,84,84,0
0,1,1,1,8,4.5,2117489,11,11,0
0,0,0,1,11,4.9,1949478,12,12,0
2,1,0,2,13,4.3,1950369,18,18,0
0,1,6,8,45,4.6,1915289,60,60,0
0,3,2,6,15,4.3,2217156,26,26,0
5,7,6,9,26,3.8,2201440,53,53,0
2,4,8,18,84,4.5,2115939,116,116,0
0,0,1,3,22,4.8,2225605,26,26,0
2,13,23,132,477,4.7,2224954,647,647,0
1,1,2,8,64,4.8,2201226,76,76,0
63,117,194,432,955,4.2,1475540,1761,1761,0
9,18,32,85,642,4.7,1993948,786,786,0
26,26,34,84,300,4.3,2055986,470,470,0
19,6,10,26,69,3.9,2187847,130,130,0
2,1,6,14,48,4.5,2193712,71,71,0
1,2,8,14,56,4.5,2189850,81,81,0
3,3,24,55,273,4.7,1942051,358,358,0
2,2,4,13,133,4.8,2252138,154,154,0
0,0,1,3,22,4.8,2225605,26,26,0
1,1,0,4,26,4.7,1941202,32,32,0
3,6,6,28,107,4.5,1779784,150,150,0
0,0,3,1,13,4.6,2193720,17,17,0
7,6,20,21,54,4.0,2203313,108,108,0
7,8,13,16,53,4.0,1926427,97,97,0
0,0,4,2,32,4.7,1927748,38,38,0
96,113,84,149,245,3.5,1894377,687,687,0
0,0,1,0,1,4.0,2267128,2,2,0
3,6,5,24,124,4.6,2034908,162,162,0
5,10,5,10,46,4.1,2047371,76,76,0
0,7,6,9,62,4.5,2217057,84,84,0
0,0,0,5,11,4.7,1987197,16,16,0
42,15,9,18,41,3.0,1858364,125,125,1
0,0,0,1,11,4.9,1949478,12,12,0
0,1,0,1,22,4.8,1861491,24,24,0
