,1 star,2 stars,3 stars,4 stars,5 stars,avg_rating,product_id,review_count
0,0,0,0,5,11,4.7,2268274,16 reviews
1,28,35,57,212,548,4.4,2257111,880 reviews
2,"1,139","1,279","1,324","2,149","8,379",4.1,2164671,"14,270 reviews"
3,1,10,23,115,214,4.5,2242105,363 reviews
4,213,258,299,837,"3,758",4.4,2112167,"5,365 reviews"
5,136,194,231,473,"1,845",4.3,2079168,"2,879 reviews"
6,3,8,19,93,212,4.5,2250603,335 reviews
7,14,11,20,74,203,4.4,2251874,322 reviews
8,940,791,935,"2,135","4,771",3.9,2246726,"9,572 reviews"
9,266,324,319,608,"1,779",4,1868165,"3,296 reviews"
10,66,72,96,231,742,4.3,2247922,"1,207 reviews"
11,44,55,67,158,387,4.1,2184547,711 reviews
12,514,461,695,"2,735","15,008",4.6,1922541,"19,413 reviews"
13,5,17,39,183,397,4.5,2247203,641 reviews
14,31,24,49,153,349,4.3,2209906,606 reviews
15,186,222,295,786,"3,068",4.4,2169845,"4,557 reviews"
16,801,925,990,"1,622","4,090",3.9,2084648,"8,428 reviews"
17,151,174,227,628,"2,463",4.4,2224848,"3,643 reviews"
18,379,382,297,429,"1,252",3.7,2031011,"2,739 reviews"
19,66,73,144,378,"1,029",4.3,2070571,"1,690 reviews"
20,286,350,373,650,"1,625",3.9,2179158,"3,284 reviews"
21,283,277,309,616,"1,633",4,2176972,"3,118 reviews"
22,"1,304","1,316","1,513","2,747","7,136",3.9,2180578,"14,016 reviews"
23,199,261,356,"1,197","3,130",4.3,905364,"5,143 reviews"
24,397,392,320,448,"1,261",3.6,2001774,"2,818 reviews"
25,506,572,611,"1,259","3,486",4,2094787,"6,434 reviews"
26,57,54,63,127,405,4.1,2241883,706 reviews
27,231,264,390,"1,080","2,713",4.2,2170645,"4,678 reviews"
28,94,139,179,495,"1,826",4.4,1396399,"2,733 reviews"
29,49,42,65,73,232,3.9,2032845,461 reviews
30,310,345,510,"1,513","5,095",4.4,1922731,"7,773 reviews"
31,82,113,116,260,464,3.9,2088276,"1,035 reviews"
32,47,56,88,192,547,4.2,1787589,930 reviews
33,90,80,118,439,"1,273",4.4,1507367,"2,000 reviews"
34,45,40,39,117,419,4.3,1530534,660 reviews
35,279,275,373,824,"1,754",4,2222099,"3,505 reviews"
36,153,176,239,613,"2,043",4.3,2203396,"3,224 reviews"
37,1,3,7,53,109,4.5,2250280,173 reviews
38,4,3,4,4,19,3.9,2132231,34 reviews
39,177,85,86,192,398,3.6,2106441,938 reviews
40,26,38,46,103,401,4.3,1628767,614 reviews
41,0,1,0,2,10,4.6,2239358,13 reviews
42,19,29,75,255,518,4.4,2178630,896 reviews
43,196,220,264,484,"1,374",4,1713155,"2,538 reviews"
44,168,232,248,586,"2,107",4.3,1486752,"3,341 reviews"
45,146,167,241,534,"1,655",4.2,1327915,"2,743 reviews"
46,93,95,164,310,769,4.1,2053874,"1,431 reviews"
47,455,440,593,"1,496","3,029",4,1827252,"6,013 reviews"
48,67,54,70,95,265,3.8,1869015,551 reviews
49,185,186,202,524,"1,720",4.2,2105427,"2,817 reviews"
50,101,108,160,544,"1,253",4.3,2241719,"2,166 reviews"
51,61,53,66,184,734,4.3,135558,"1,098 reviews"
52,93,56,62,71,317,3.8,2209393,599 reviews
53,51,48,95,318,816,4.4,51573,"1,328 reviews"
54,48,44,42,44,197,3.8,2250785,375 reviews
55,651,526,407,573,"1,327",3.4,1847474,"3,484 reviews"
56,81,85,114,196,573,4,1496488,"1,049 reviews"
57,54,57,138,343,439,4,2179869,"1,031 reviews"
58,666,608,484,747,"1,718",3.5,1677962,"4,223 reviews"
59,130,146,201,457,"1,008",4.1,2110070,"1,942 reviews"
60,41,50,83,296,796,4.4,1372168,"1,266 reviews"
61,35,31,22,32,110,3.7,2227619,230 reviews
62,115,130,249,618,"1,294",4.2,2084010,"2,406 reviews"
63,71,72,81,187,517,4.1,1452408,928 reviews
64,8,15,52,200,537,4.5,2179034,812 reviews
65,31,29,30,73,271,4.2,1833532,434 reviews
66,370,275,325,442,"1,246",3.7,1711100,"2,658 reviews"
67,104,97,146,312,884,4.2,1534692,"1,543 reviews"
68,31,41,92,306,592,4.3,2181550,"1,062 reviews"
69,76,88,99,218,556,4.1,1288448,"1,037 reviews"
70,5,5,5,3,30,4,2260818,48 reviews
71,85,115,101,205,585,4,1452853,"1,091 reviews"
72,107,158,198,548,"1,449",4.2,759779,"2,460 reviews"
73,259,272,322,735,"1,683",4,1574896,"3,271 reviews"
74,331,316,323,654,"1,869",4,1944446,"3,493 reviews"
75,15,30,67,135,258,4.2,2063402,505 reviews
76,110,113,180,470,"1,739",4.4,1588136,"2,612 reviews"
77,48,97,106,250,655,4.2,1587435,"1,156 reviews"
78,60,54,55,82,254,3.8,2197507,505 reviews
79,30,29,121,505,680,4.3,2107662,"1,365 reviews"
80,9,11,18,18,89,4.2,2116135,145 reviews
81,308,305,261,376,756,3.5,1852276,"2,006 reviews"
82,22,21,32,43,148,4,1999895,266 reviews
83,22,26,31,71,269,4.3,1964584,419 reviews
84,34,46,130,510,"1,045",4.4,1919281,"1,765 reviews"
85,225,185,169,392,"1,052",3.9,2244002,"2,023 reviews"
86,19,35,43,171,392,4.3,51904,660 reviews
87,44,45,52,105,334,4.1,1856335,580 reviews
88,82,88,96,192,483,4,2172955,941 reviews
89,116,142,143,306,"1,132",4.2,1621291,"1,839 reviews"
90,19,17,11,19,61,3.7,2137065,127 reviews
91,35,39,38,72,251,4.1,2037133,435 reviews
92,38,40,62,147,392,4.2,1868231,679 reviews
93,245,279,269,523,990,3.8,2166825,"2,306 reviews"
94,0,0,0,3,1,4.3,2266575,4 reviews
95,212,212,184,268,640,3.6,1487420,"1,516 reviews"
96,1,2,4,4,13,4.1,2179604,24 reviews
97,65,55,81,281,"1,098",4.5,999037,"1,580 reviews"
98,8,5,6,17,88,4.4,2183788,124 reviews
99,170,148,178,441,"1,251",4.1,1677616,"2,188 reviews"
100,80,86,71,152,348,3.8,1509512,737 reviews
101,18,23,35,68,160,4.1,1576859,304 reviews
102,40,43,55,137,780,4.5,1861426,"1,055 reviews"
103,5,11,5,30,172,4.6,1287481,223 reviews
104,68,55,69,144,332,3.9,1458496,668 reviews
105,89,103,116,313,652,4,1411172,"1,273 reviews"
106,6,7,9,21,74,4.3,2145340,117 reviews
107,8,11,17,24,114,4.3,1755453,174 reviews
108,16,22,46,116,298,4.3,2038701,498 reviews
109,40,87,99,192,505,4.1,1814508,923 reviews
110,204,157,144,253,774,3.8,1795897,"1,532 reviews"
111,8,8,5,10,37,3.9,2193936,68 reviews
112,97,108,99,241,531,3.9,1497007,"1,076 reviews"
113,61,98,135,398,793,4.2,1237213,"1,485 reviews"
114,23,55,171,539,907,4.3,2176774,"1,695 reviews"
115,8,16,12,30,57,3.9,1646215,123 reviews
116,65,74,152,321,879,4.3,2211902,"1,491 reviews"
117,4,2,2,3,11,3.7,2272292,22 reviews
118,44,38,38,75,206,3.9,2110146,401 reviews
119,12,15,19,41,191,4.4,1705839,278 reviews
120,49,53,87,118,267,3.9,1840362,574 reviews
121,183,172,243,507,800,3.8,2118032,"1,905 reviews"
122,4,0,5,3,24,4.2,1682509,36 reviews
123,99,93,99,194,658,4.1,1064864,"1,143 reviews"
124,5,12,18,29,139,4.4,1726447,203 reviews
125,18,19,21,34,125,4.1,2097020,217 reviews
126,5,7,8,10,42,4.1,2082659,72 reviews
127,2,4,6,6,17,3.9,1958859,35 reviews
128,41,45,55,128,372,4.2,1677160,641 reviews
129,40,30,12,20,67,3.3,2124808,169 reviews
130,38,43,104,236,480,4.2,52852,901 reviews
131,20,39,104,318,658,4.4,2045201,"1,139 reviews"
132,19,17,17,29,90,3.9,1819549,172 reviews
133,1,3,0,3,16,4.3,1957570,23 reviews
134,4,2,4,6,12,3.7,2254175,28 reviews
135,17,25,22,41,125,4,1667005,230 reviews
136,126,156,278,585,873,4,2035764,"2,018 reviews"
137,26,19,30,55,164,4.1,2086502,294 reviews
138,6,14,13,28,130,4.4,1441526,191 reviews
139,19,16,22,37,159,4.2,2186237,253 reviews
140,34,51,63,121,288,4,1887447,557 reviews
141,14,14,19,29,86,4,1970342,162 reviews
142,1,0,0,1,6,4.4,2252351,8 reviews
143,118,126,137,211,380,3.6,1783653,972 reviews
144,12,13,15,40,168,4.4,1784867,248 reviews
145,137,115,95,166,283,3.4,2174506,796 reviews
146,3,10,12,14,64,4.2,1938802,103 reviews
147,14,17,41,79,141,4.1,2047298,292 reviews
148,1,0,0,0,2,3.7,2187573,3 reviews
149,16,38,44,76,93,3.7,2079416,267 reviews
150,1,8,5,24,65,4.4,1953389,103 reviews
151,4,3,0,4,3,2.9,2254290,14 reviews
152,26,28,23,30,84,3.6,2079804,191 reviews
153,25,34,22,48,98,3.7,1968981,227 reviews
154,184,139,171,321,966,4,1820943,"1,781 reviews"
155,79,82,66,134,254,3.7,1952746,615 reviews
156,16,9,11,28,119,4.2,1869734,183 reviews
157,0,3,2,2,6,3.8,2219673,13 reviews
158,2,0,0,4,16,4.5,2145381,22 reviews
159,3,2,3,7,16,4,2212777,31 reviews
160,36,30,31,52,137,3.8,2089035,286 reviews
161,0,1,0,3,4,4.3,2240232,8 reviews
162,4,7,1,2,19,3.8,1990316,33 reviews
163,79,56,56,122,289,3.8,1514108,602 reviews
164,2,4,1,9,7,3.7,2021194,23 reviews
165,6,2,0,3,6,3.1,2106201,17 reviews
166,12,15,16,34,83,4,1898485,160 reviews
167,4,5,21,79,150,4.4,2107282,259 reviews
168,17,14,15,18,75,3.9,2014785,139 reviews
169,17,9,32,49,167,4.2,1775287,274 reviews
170,2,4,4,5,7,3.5,2119345,22 reviews
171,1,1,1,2,8,4.2,2256758,13 reviews
172,4,5,2,11,27,4.1,1967199,49 reviews
173,5,5,5,19,40,4.1,1686781,74 reviews
174,10,10,14,14,32,3.6,2168409,80 reviews
175,10,8,7,13,67,4.1,1813963,105 reviews
176,575,411,347,489,"1,032",3.3,1576727,"2,854 reviews"
177,1,2,2,4,7,3.9,2221554,16 reviews
178,19,13,18,46,81,3.9,1841600,177 reviews
179,3,2,1,7,32,4.4,1480912,45 reviews
180,5,7,10,21,42,4,2154854,85 reviews
181,2,0,0,0,6,4,2198711,8 reviews
182,4,8,4,9,24,3.8,1809235,49 reviews
183,3,0,4,5,17,4.1,2143675,29 reviews
184,60,34,28,45,116,3.4,1548700,283 reviews
185,4,6,13,30,108,4.4,1326305,161 reviews
186,16,9,7,6,32,3.4,1977255,70 reviews
187,4,0,1,1,12,3.9,2206753,18 reviews
188,226,196,193,339,773,3.7,1393875,"1,727 reviews"
189,6,0,2,12,22,4,1752443,42 reviews
190,9,6,12,31,82,4.2,763904,140 reviews
191,5,3,3,5,16,3.8,1978311,32 reviews
192,2,2,6,4,9,3.7,1950328,23 reviews
193,7,6,7,10,51,4.1,1752302,81 reviews
194,2,11,7,19,58,4.2,1509348,97 reviews
195,3,4,6,3,8,3.4,2016269,24 reviews
196,5,2,4,3,27,4.1,1734094,41 reviews
197,80,124,146,311,825,4.1,1422617,"1,486 reviews"
198,58,57,52,82,204,3.7,1773779,453 reviews
199,0,0,0,1,1,4.5,2205631,2 reviews
200,109,151,224,673,"1,850",4.3,1311836,"3,007 reviews"
201,0,0,0,0,4,5,2215036,4 reviews
202,2,1,2,3,23,4.4,1480821,31 reviews
203,3,5,5,10,47,4.3,1587955,70 reviews
204,5,0,2,2,22,4.2,1977446,31 reviews
205,2,1,3,1,12,4.1,2270825,19 reviews
206,65,86,93,159,353,3.9,1417302,756 reviews
207,32,37,41,61,104,3.6,1532084,275 reviews
208,10,8,16,14,28,3.6,1848886,76 reviews
209,266,324,319,608,"1,779",4,1868165,"3,296 reviews"
210,283,277,309,616,"1,633",4,2176972,"3,118 reviews"
211,82,113,116,260,464,3.9,2088276,"1,035 reviews"
212,26,38,46,103,401,4.3,1628767,614 reviews
213,168,232,248,586,"2,107",4.3,1486752,"3,341 reviews"
214,146,167,241,534,"1,655",4.2,1327915,"2,743 reviews"
215,67,54,70,95,265,3.8,1869015,551 reviews
216,81,85,114,196,573,4,1496488,"1,049 reviews"
217,35,31,22,32,110,3.7,2227619,230 reviews
218,38,50,51,88,334,4.1,1888197,561 reviews
219,113,121,139,241,780,4,1826437,"1,394 reviews"
220,107,158,198,548,"1,449",4.2,759779,"2,460 reviews"
221,259,272,322,735,"1,683",4,1574896,"3,271 reviews"
222,80,86,71,152,348,3.8,1509512,737 reviews
223,18,23,35,68,160,4.1,1576859,304 reviews
224,68,55,69,144,332,3.9,1458496,668 reviews
225,6,7,9,21,74,4.3,2145340,117 reviews
226,97,108,99,241,531,3.9,1497007,"1,076 reviews"
227,12,15,19,41,191,4.4,1705839,278 reviews
228,18,28,37,56,182,4.1,2204857,321 reviews
229,41,45,55,128,372,4.2,1677160,641 reviews
230,19,17,17,29,90,3.9,1819549,172 reviews
231,29,25,52,127,338,4.3,1626969,571 reviews
232,0,0,0,0,6,5,2078574,6 reviews
233,3,4,6,6,12,3.6,1989565,31 reviews
234,0,3,2,2,6,3.8,2219673,13 reviews
235,2,0,0,4,16,4.5,2145381,22 reviews
236,10,10,14,14,32,3.6,2168409,80 reviews
237,60,34,28,45,116,3.4,1548700,283 reviews
238,2,11,7,19,58,4.2,1509348,97 reviews
239,80,124,146,311,825,4.1,1422617,"1,486 reviews"
240,65,86,93,159,353,3.9,1417302,756 reviews
241,32,13,12,17,47,3.3,2025617,121 reviews
242,266,324,319,608,"1,779",4,1868165,"3,296 reviews"
243,3,8,19,93,212,4.5,2250603,335 reviews
244,283,277,309,616,"1,633",4,2176972,"3,118 reviews"
245,199,261,356,"1,197","3,130",4.3,905364,"5,143 reviews"
246,94,139,179,495,"1,826",4.4,1396399,"2,733 reviews"
247,1,3,7,53,109,4.5,2250280,173 reviews
248,26,38,46,103,401,4.3,1628767,614 reviews
249,168,232,248,586,"2,107",4.3,1486752,"3,341 reviews"
250,146,167,241,534,"1,655",4.2,1327915,"2,743 reviews"
251,67,54,70,95,265,3.8,1869015,551 reviews
252,48,44,42,44,197,3.8,2250785,375 reviews
253,81,85,114,196,573,4,1496488,"1,049 reviews"
254,35,31,22,32,110,3.7,2227619,230 reviews
255,38,50,51,88,334,4.1,1888197,561 reviews
256,107,158,198,548,"1,449",4.2,759779,"2,460 reviews"
257,259,272,322,735,"1,683",4,1574896,"3,271 reviews"
258,80,86,71,152,348,3.8,1509512,737 reviews
259,18,23,35,68,160,4.1,1576859,304 reviews
260,68,55,69,144,332,3.9,1458496,668 reviews
261,16,22,46,116,298,4.3,2038701,498 reviews
262,97,108,99,241,531,3.9,1497007,"1,076 reviews"
263,65,74,152,321,879,4.3,2211902,"1,491 reviews"
264,12,15,19,41,191,4.4,1705839,278 reviews
265,13,18,19,51,203,4.4,1507615,304 reviews
266,18,28,37,56,182,4.1,2204857,321 reviews
267,41,45,55,128,372,4.2,1677160,641 reviews
268,19,17,17,29,90,3.9,1819549,172 reviews
269,4,4,3,0,24,4,1993849,35 reviews
270,16,38,44,76,93,3.7,2079416,267 reviews
271,0,3,2,2,6,3.8,2219673,13 reviews
272,12,15,16,34,83,4,1898485,160 reviews
273,1,2,1,4,6,3.9,2199552,14 reviews
274,2,4,4,5,7,3.5,2119345,22 reviews
275,161,162,156,377,846,3.9,2211845,"1,702 reviews"
276,15,30,30,40,141,4,1958263,256 reviews
277,10,10,14,14,32,3.6,2168409,80 reviews
278,0,1,1,3,12,4.5,1468131,17 reviews
279,5,11,12,14,63,4.1,1676980,105 reviews
280,4,8,4,9,24,3.8,1809235,49 reviews
281,60,34,28,45,116,3.4,1548700,283 reviews
282,2,2,6,4,9,3.7,1950328,23 reviews
283,2,3,2,3,13,4,1901552,23 reviews
284,2,11,7,19,58,4.2,1509348,97 reviews
285,80,124,146,311,825,4.1,1422617,"1,486 reviews"
286,65,86,93,159,353,3.9,1417302,756 reviews
287,461,604,877,"2,183","6,941",4.3,2172310,"11,066 reviews"
288,62,92,118,230,819,4.3,1925577,"1,321 reviews"
289,98,104,148,342,"1,460",4.4,2223089,"2,152 reviews"
290,63,112,156,298,729,4.1,1925841,"1,358 reviews"
291,261,173,126,149,341,3.1,2094548,"1,050 reviews"
292,111,145,133,213,665,3.9,2173367,"1,267 reviews"
293,111,119,165,357,984,4.1,2037596,"1,736 reviews"
294,56,71,111,308,"1,207",4.4,1900315,"1,753 reviews"
295,25,16,28,93,331,4.4,2137834,493 reviews
296,2,2,0,2,15,4.2,2247450,21 reviews
297,191,206,303,"1,055","3,000",4.4,1247204,"4,755 reviews"
298,163,206,350,770,"2,686",4.3,2209344,"4,175 reviews"
299,190,214,357,"1,117","2,634",4.3,1810787,"4,512 reviews"
300,33,36,90,382,"1,060",4.5,2044477,"1,601 reviews"
301,17,34,52,173,348,4.3,2246841,624 reviews
302,10,20,27,36,66,3.8,2136521,159 reviews
303,31,29,30,73,271,4.2,1833532,434 reviews
304,158,216,323,678,"1,152",4,1686211,"2,527 reviews"
305,55,61,89,317,811,4.3,1317650,"1,333 reviews"
306,4,9,13,51,88,4.3,2209211,165 reviews
307,10,1,4,6,10,3.2,2252179,31 reviews
308,53,52,66,69,305,4,2113934,545 reviews
309,14,18,27,56,209,4.3,2103596,324 reviews
310,245,279,269,523,990,3.8,2166825,"2,306 reviews"
311,13,41,188,777,"1,026",4.4,2040871,"2,045 reviews"
312,127,85,101,246,843,4.1,2199370,"1,402 reviews"
313,44,64,80,180,457,4.1,1727338,825 reviews
314,49,47,41,82,305,4,1697440,524 reviews
315,135,132,213,373,618,3.8,1779099,"1,471 reviews"
316,241,316,443,"1,150","2,654",4.2,2086866,"4,804 reviews"
317,85,107,161,482,"1,181",4.3,870519,"2,016 reviews"
318,104,121,151,395,755,4,1345206,"1,526 reviews"
319,7,9,48,179,481,4.5,2184323,724 reviews
320,6,27,25,64,175,4.3,2228443,297 reviews
321,61,59,73,156,348,4,1600162,697 reviews
322,127,157,216,677,"2,994",4.5,1073063,"4,171 reviews"
323,39,30,61,90,198,3.9,2118115,418 reviews
324,53,43,50,49,141,3.5,2037778,336 reviews
325,17,19,26,33,114,4,2152668,209 reviews
326,122,137,133,387,996,4.1,1307388,"1,775 reviews"
327,58,70,67,117,224,3.7,1317775,536 reviews
328,15,6,35,196,393,4.5,2176444,645 reviews
329,4,5,5,5,39,4.2,1897123,58 reviews
330,12,11,34,96,302,4.5,549170,455 reviews
331,159,149,174,268,524,3.7,1833888,"1,274 reviews"
332,26,28,51,103,156,3.9,2029353,364 reviews
333,9,12,13,45,114,4.3,2105690,193 reviews
334,29,25,52,127,338,4.3,1626969,571 reviews
335,154,150,184,420,840,3.9,2086809,"1,748 reviews"
336,10,12,15,68,189,4.4,2102135,294 reviews
337,34,51,63,121,288,4,1887447,557 reviews
338,34,45,79,194,548,4.3,2194009,900 reviews
339,35,49,80,213,323,4.1,472597,700 reviews
340,1,3,3,5,13,4,2034775,25 reviews
341,14,12,11,24,66,3.9,1960079,127 reviews
342,0,0,0,1,0,4,2228278,1 review
343,5,18,43,137,123,4.1,2196871,326 reviews
344,24,53,145,481,618,4.2,2169860,"1,321 reviews"
345,41,40,45,85,242,4,1885631,453 reviews
346,25,34,22,48,98,3.7,1968981,227 reviews
347,46,71,90,152,316,3.9,1451418,675 reviews
348,18,17,28,58,186,4.2,2105799,307 reviews
349,20,21,29,38,141,4,1840461,249 reviews
350,25,19,20,19,82,3.7,1732296,165 reviews
351,12,15,17,47,94,4.1,1948207,185 reviews
352,34,36,22,33,94,3.5,1971928,219 reviews
353,13,27,192,690,"1,228",4.4,2207520,"2,150 reviews"
354,1,4,1,15,43,4.5,1425727,64 reviews
355,2,4,1,9,7,3.7,2021194,23 reviews
356,17,25,28,55,169,4.1,1622075,294 reviews
357,8,3,8,21,42,4,1835503,82 reviews
358,18,29,42,119,239,4.2,685891,447 reviews
359,3,1,5,11,19,4.1,1978386,39 reviews
360,17,12,17,61,164,4.3,1318666,271 reviews
361,31,57,214,525,664,4.2,2177061,"1,491 reviews"
362,4,6,2,27,68,4.4,1197920,107 reviews
363,18,11,11,27,66,3.8,1648518,133 reviews
364,2,4,5,10,48,4.4,1861533,69 reviews
365,5,5,6,29,61,4.3,2139632,106 reviews
366,7,12,7,12,39,3.8,2071819,77 reviews
367,54,63,74,119,214,3.7,873455,524 reviews
368,0,2,2,3,4,3.8,2225209,11 reviews
369,21,38,51,75,186,4,1501428,371 reviews
370,1,1,9,8,16,4.1,1665660,35 reviews
371,72,72,85,169,189,3.6,1192889,587 reviews
372,4,2,0,12,18,4.1,2139574,36 reviews
373,19,19,26,27,87,3.8,2211977,178 reviews
374,21,9,17,68,98,4,2119758,213 reviews
375,1,0,1,0,4,4,2142131,6 reviews
376,0,1,0,6,10,4.5,1957521,17 reviews
377,1,6,3,9,31,4.3,1975184,50 reviews
378,3,0,1,2,9,3.9,2194090,15 reviews
379,9,13,15,30,84,4.1,1956796,151 reviews
380,61,61,91,230,319,3.9,1318278,762 reviews
381,304,313,481,"1,175","2,646",4.1,2086783,"4,919 reviews"
382,4,3,4,11,40,4.3,2071280,62 reviews
383,6,3,2,5,43,4.3,1726405,59 reviews
384,30,20,17,42,107,3.8,2086833,216 reviews
385,1,1,3,4,11,4.2,1673441,20 reviews
386,5,6,9,11,35,4,1776236,66 reviews
387,0,0,0,0,2,5,2098465,2 reviews
388,3,6,7,10,34,4.1,469254,60 reviews
389,34,43,79,158,416,4.2,1341098,730 reviews
390,14,22,15,14,23,3.1,1671924,88 reviews
391,0,3,6,5,8,3.8,1862515,22 reviews
392,4,3,5,0,6,3.1,2000149,18 reviews
393,5,6,4,8,10,3.4,1751916,33 reviews
394,11,14,11,24,69,4,1732221,129 reviews
395,3,1,4,3,4,3.3,2213866,15 reviews
396,2,2,1,3,13,4.1,1719780,21 reviews
397,0,0,2,0,5,4.4,2012037,7 reviews
398,4,2,1,6,22,4.1,1901479,35 reviews
399,1,0,2,1,5,4,1950500,9 reviews
400,2,0,0,0,2,3,1926542,4 reviews
401,22,14,14,24,63,3.7,1349968,137 reviews
402,0,1,0,2,10,4.6,2239358,13 reviews
403,465,304,303,507,"1,309",3.7,1669027,"2,888 reviews"
404,168,232,248,586,"2,107",4.3,1486752,"3,341 reviews"
405,112,131,156,485,"1,341",4.3,1147883,"2,225 reviews"
406,18,23,35,68,160,4.1,1576859,304 reviews
407,22,14,14,24,63,3.7,1350024,137 reviews
408,22,14,14,24,63,3.7,1635606,137 reviews
409,22,14,14,24,63,3.7,1349976,137 reviews
410,22,14,14,24,63,3.7,1681303,137 reviews
411,2,4,6,6,17,3.9,1958859,35 reviews
412,22,14,14,24,63,3.7,1974252,137 reviews
413,12,10,8,24,69,4,1868249,123 reviews
414,2,4,2,7,20,4.1,2054153,35 reviews
415,22,14,14,24,63,3.7,1932664,137 reviews
416,22,14,14,24,63,3.7,1350016,137 reviews
417,7,7,7,16,57,4.2,2030104,94 reviews
418,22,14,14,24,63,3.7,1783224,137 reviews
419,36,17,20,32,87,3.6,1792670,192 reviews
420,22,14,14,24,63,3.7,1974153,137 reviews
421,22,14,14,24,63,3.7,1478007,137 reviews
422,6,6,9,15,61,4.2,1697184,97 reviews
423,40,30,35,42,101,3.5,1310564,248 reviews
424,9,8,21,31,79,4.1,1911320,148 reviews
425,1,0,1,2,5,4.1,2115244,9 reviews
426,6,11,33,109,157,4.3,2191161,316 reviews
427,7,4,21,15,60,4.1,2031615,107 reviews
428,4,4,8,10,48,4.3,1792951,74 reviews
429,1,1,2,4,9,4.1,2207249,17 reviews
430,2,2,6,4,9,3.7,1950328,23 reviews
431,254,290,378,"1,160","5,720",4.5,870618,"7,802 reviews"
432,21,16,20,37,177,4.2,1914472,271 reviews
433,24,31,40,71,272,4.2,2116341,438 reviews
434,11,10,8,37,211,4.5,1661461,277 reviews
435,51,63,74,152,614,4.3,2173607,954 reviews
436,39,37,71,223,"1,076",4.6,2071769,"1,446 reviews"
437,153,181,212,458,"1,911",4.3,1483502,"2,915 reviews"
438,148,185,286,862,"4,306",4.6,1073014,"5,787 reviews"
439,55,48,54,99,427,4.2,2114072,683 reviews
440,62,28,23,37,166,3.7,1911395,316 reviews
441,41,50,83,296,796,4.4,1372168,"1,266 reviews"
442,4,6,2,2,9,3.3,2271138,23 reviews
443,35,31,22,32,110,3.7,2227619,230 reviews
444,33,43,81,160,"1,039",4.6,2203446,"1,356 reviews"
445,25,24,44,156,534,4.5,1889963,783 reviews
446,81,70,109,232,740,4.2,870675,"1,232 reviews"
447,12,27,18,30,98,3.9,1911353,185 reviews
448,0,1,3,2,12,4.4,1927227,18 reviews
449,19,35,43,171,392,4.3,51904,660 reviews
450,69,93,125,281,"1,108",4.4,1606086,"1,676 reviews"
451,138,113,184,522,"1,437",4.3,1822204,"2,394 reviews"
452,51,63,74,152,614,4.3,2211126,954 reviews
453,63,77,148,605,"2,468",4.6,1164771,"3,361 reviews"
454,65,55,81,281,"1,098",4.5,999037,"1,580 reviews"
455,75,78,123,314,920,4.3,2037554,"1,510 reviews"
456,19,12,18,51,100,4,1727379,200 reviews
457,40,61,93,210,527,4.2,1659515,931 reviews
458,69,62,64,99,111,3.3,2042836,405 reviews
459,1,3,6,2,22,4.2,2107852,34 reviews
460,36,43,69,306,894,4.5,2107811,"1,348 reviews"
461,36,38,46,83,278,4.1,1478239,481 reviews
462,20,29,47,234,419,4.3,2117984,749 reviews
463,3,8,5,18,82,4.4,1899251,116 reviews
464,14,23,44,149,360,4.4,51532,590 reviews
465,36,25,26,48,210,4.1,1883677,345 reviews
466,22,14,14,24,63,3.7,1681303,137 reviews
467,29,18,51,117,712,4.6,1522184,927 reviews
468,30,23,32,66,304,4.3,1961135,455 reviews
469,42,41,60,163,642,4.4,1229095,948 reviews
470,42,44,69,127,330,4.1,1533629,612 reviews
471,38,43,64,120,390,4.2,1578285,655 reviews
472,8,19,13,18,35,3.6,2207652,93 reviews
473,3,5,3,11,27,4.1,2171577,49 reviews
474,16,28,26,65,191,4.2,1452671,326 reviews
475,2,4,2,7,20,4.1,2054153,35 reviews
476,2,3,2,4,76,4.7,2077659,87 reviews
477,3,3,4,8,39,4.4,1930429,57 reviews
478,21,20,39,125,322,4.3,903856,527 reviews
479,2,0,4,4,11,4,1992395,21 reviews
480,6,7,6,12,31,3.9,1809698,62 reviews
481,46,37,62,113,274,4,1223544,532 reviews
482,0,1,2,2,19,4.6,2193233,24 reviews
483,22,18,29,66,251,4.3,1959832,386 reviews
484,0,4,7,5,24,4.2,1902782,40 reviews
485,19,22,13,56,132,4.1,1452457,242 reviews
486,5,5,9,8,29,3.9,1861897,56 reviews
487,3,2,1,4,29,4.4,2224434,39 reviews
488,2,1,2,5,13,4.1,1918788,23 reviews
489,4,15,65,225,600,4.5,2109189,909 reviews
490,1,1,3,10,19,4.3,2079283,34 reviews
491,42,32,46,37,158,3.8,1961515,315 reviews
492,5,6,13,17,90,4.4,1903434,131 reviews
493,2,1,0,3,6,3.8,2042927,12 reviews
494,16,14,17,19,49,3.6,1579218,115 reviews
495,3,1,0,3,10,3.9,2195147,17 reviews
496,0,0,1,0,6,4.7,2192649,7 reviews
497,8,10,7,11,31,3.7,2107316,67 reviews
498,1,0,1,0,2,3.5,2198950,4 reviews
499,1,3,1,2,8,3.9,1798412,15 reviews
500,0,0,0,0,6,5,2132777,6 reviews
501,5,4,4,11,84,4.5,1589126,108 reviews
502,1,2,4,6,17,4.2,1998087,30 reviews
503,2,1,7,3,5,3.4,2008118,18 reviews
504,4,5,7,18,46,4.2,2070068,80 reviews
505,6,5,5,13,17,3.7,2107860,46 reviews
506,9,13,15,30,84,4.1,1956796,151 reviews
507,12,9,19,19,108,4.2,1768266,167 reviews
508,0,0,2,2,9,4.5,1992536,13 reviews
509,4,1,4,16,81,4.6,1845338,106 reviews
510,0,5,3,3,41,4.5,1358282,52 reviews
511,2,0,0,2,7,4.1,2080323,11 reviews
512,22,11,14,18,50,3.5,1552538,115 reviews
513,74,45,61,140,386,4,1768290,706 reviews
514,1,2,2,4,23,4.4,1844182,32 reviews
515,4,1,6,5,24,4.1,1903442,40 reviews
516,1,3,2,6,24,4.4,1358274,36 reviews
517,1,1,0,1,5,4,1926443,8 reviews
518,0,0,0,1,2,4.7,1927987,3 reviews
519,2,2,0,7,12,4.1,1795558,23 reviews
520,0,0,2,0,1,3.7,1572189,3 reviews
521,27,37,59,120,785,4.6,2113033,"1,028 reviews"
522,66,77,131,377,"2,564",4.6,2211076,"3,215 reviews"
523,75,122,231,659,"3,866",4.6,1721240,"4,953 reviews"
524,153,181,212,458,"1,911",4.3,1483502,"2,915 reviews"
525,8,18,20,34,240,4.5,2116044,320 reviews
526,81,135,212,565,"1,684",4.4,1888759,"2,677 reviews"
527,163,206,350,770,"2,686",4.3,2209344,"4,175 reviews"
528,2,4,8,18,84,4.5,2115939,116 reviews
529,112,36,28,37,93,2.9,2218725,306 reviews
530,69,93,125,281,"1,108",4.4,1606086,"1,676 reviews"
531,2,13,23,132,477,4.7,2224954,647 reviews
532,1,1,2,8,64,4.8,2201226,76 reviews
533,63,77,148,605,"2,468",4.6,1164771,"3,361 reviews"
534,65,31,32,54,150,3.6,2067809,332 reviews
535,85,113,157,331,661,4,1629500,"1,347 reviews"
536,0,0,1,0,4,4.6,2242782,5 reviews
537,63,117,194,432,955,4.2,1475540,"1,761 reviews"
538,28,32,86,289,"1,337",4.6,1890615,"1,772 reviews"
539,10,19,21,45,192,4.4,1833508,287 reviews
540,47,53,89,202,863,4.4,825802,"1,254 reviews"
541,9,18,32,85,642,4.7,1993948,786 reviews
542,18,31,73,207,673,4.5,2018885,"1,002 reviews"
543,26,16,20,9,49,3.3,2221380,120 reviews
544,26,26,34,84,300,4.3,2055986,470 reviews
545,23,42,69,181,686,4.5,1925775,"1,001 reviews"
546,54,69,112,241,"1,126",4.4,1904820,"1,602 reviews"
547,0,1,2,1,21,4.7,2222834,25 reviews
548,14,27,68,347,"1,227",4.6,2207710,"1,683 reviews"
549,9,9,12,58,195,4.5,1636828,283 reviews
550,3,5,9,20,48,4.2,2201408,85 reviews
551,29,18,51,117,712,4.6,1522184,927 reviews
552,0,1,1,1,9,4.5,2219608,12 reviews
553,17,12,32,49,145,4.1,1782069,255 reviews
554,7,16,17,40,321,4.6,2105120,401 reviews
555,0,0,2,2,21,4.8,2235679,25 reviews
556,42,61,124,365,"1,275",4.5,650226,"1,867 reviews"
557,22,22,50,123,419,4.4,1289511,636 reviews
558,8,13,28,149,478,4.6,1972793,676 reviews
559,38,43,64,120,390,4.2,1578285,655 reviews
560,25,19,27,57,220,4.2,2028082,348 reviews
561,20,26,63,157,241,4.1,2139780,507 reviews
562,38,63,83,144,276,3.9,2017507,604 reviews
563,3,10,8,19,48,4.1,1813906,88 reviews
564,5,5,19,61,359,4.7,2211092,449 reviews
565,23,33,46,63,262,4.2,2016707,427 reviews
566,0,3,2,5,27,4.5,2172799,37 reviews
567,10,8,7,20,104,4.3,2058642,149 reviews
568,6,2,3,13,28,4.1,2178788,52 reviews
569,2,0,4,4,11,4,1992395,21 reviews
570,1,3,3,7,24,4.3,1992437,38 reviews
571,5,13,35,120,393,4.6,2027670,566 reviews
572,29,26,34,63,184,4,1779982,336 reviews
573,6,7,6,12,31,3.9,1809698,62 reviews
574,16,13,13,19,69,3.9,1364785,130 reviews
575,23,29,67,253,"1,725",4.7,1790633,"2,097 reviews"
576,11,6,9,26,75,4.2,1965102,127 reviews
577,73,108,189,467,"1,235",4.3,1357250,"2,072 reviews"
578,25,22,40,67,335,4.4,1888858,489 reviews
579,7,11,7,6,23,3.5,2217008,54 reviews
580,11,8,15,36,100,4.2,1912138,170 reviews
581,0,10,8,13,19,3.8,2111409,50 reviews
582,21,5,5,14,25,3.2,2144665,70 reviews
583,0,1,0,1,15,4.8,2216984,17 reviews
584,1,1,1,3,16,4.5,2228914,22 reviews
585,1,0,2,3,32,4.7,2234565,38 reviews
586,19,35,111,615,"1,341",4.5,1775576,"2,121 reviews"
587,5,10,11,24,72,4.2,1897917,122 reviews
588,3,6,6,28,107,4.5,1779784,150 reviews
589,8,6,6,17,202,4.7,2059608,239 reviews
590,34,46,80,134,223,3.9,1972280,517 reviews
591,7,4,6,16,61,4.3,2089720,94 reviews
592,0,0,2,7,23,4.7,2191484,32 reviews
593,4,6,2,27,68,4.4,1197920,107 reviews
594,6,4,3,9,53,4.3,2124592,75 reviews
595,5,11,11,27,82,4.3,2063741,136 reviews
596,9,6,3,8,59,4.2,1915263,85 reviews
597,0,1,1,2,9,4.5,2196079,13 reviews
598,15,15,20,77,227,4.4,1931104,354 reviews
599,7,12,7,12,39,3.8,2071819,77 reviews
600,30,45,46,88,292,4.1,1901891,501 reviews
601,1,0,3,7,56,4.7,2156446,67 reviews
602,23,17,21,26,169,4.2,2027555,256 reviews
603,0,0,0,1,10,4.9,2246122,11 reviews
604,1,2,8,7,75,4.6,2182210,93 reviews
605,0,0,3,3,13,4.5,2222818,19 reviews
606,3,5,7,11,25,4,1817402,51 reviews
607,13,10,18,33,249,4.5,1877174,323 reviews
608,6,6,9,15,61,4.2,1697184,97 reviews
609,3,5,10,19,58,4.3,1915321,95 reviews
610,79,111,198,608,"1,594",4.4,108829,"2,590 reviews"
611,20,30,57,68,136,3.9,2032753,311 reviews
612,39,50,37,54,188,3.8,1677731,368 reviews
613,18,37,57,124,293,4.2,1644327,529 reviews
614,4,7,10,17,95,4.4,2027522,133 reviews
615,1,3,3,7,13,4,1844612,27 reviews
616,16,18,27,67,280,4.4,2101012,408 reviews
617,7,8,13,16,53,4,1926427,97 reviews
618,0,0,4,2,32,4.7,1927748,38 reviews
619,96,113,84,149,245,3.5,1894377,687 reviews
620,2,2,2,4,13,4,1813930,23 reviews
621,3,3,7,10,21,4,2042042,44 reviews
622,6,4,14,30,182,4.6,1973163,236 reviews
623,0,1,0,1,18,4.8,2121200,20 reviews
624,83,99,83,165,275,3.6,1902014,705 reviews
625,17,17,12,40,94,4,1902246,180 reviews
626,236,192,163,182,379,3.2,1644855,"1,152 reviews"
627,1,0,0,4,65,4.9,1910314,70 reviews
628,3,0,1,1,10,4,2207199,15 reviews
629,34,30,33,23,81,3.4,2028272,201 reviews
630,16,9,9,42,165,4.4,1934645,241 reviews
631,0,0,0,1,3,4.8,2222842,4 reviews
632,1,1,2,4,17,4.4,2071850,25 reviews
633,0,0,1,3,22,4.8,2147114,26 reviews
634,5,10,5,10,46,4.1,2047371,76 reviews
635,6,5,7,16,99,4.5,1875210,133 reviews
636,9,19,17,50,100,4.1,2017499,195 reviews
637,56,58,41,81,282,3.9,2077543,518 reviews
638,0,1,0,2,45,4.9,1955186,48 reviews
639,2,2,5,8,61,4.6,2102382,78 reviews
640,1,4,5,12,50,4.5,1935469,72 reviews
641,4,8,36,101,176,4.3,2199909,325 reviews
642,3,4,4,6,35,4.3,2140648,52 reviews
643,28,72,142,167,85,3.4,2185924,494 reviews
644,6,2,5,11,77,4.5,2041887,101 reviews
645,5,8,4,6,48,4.2,2199883,71 reviews
646,1,3,7,15,71,4.6,1862549,97 reviews
647,3,0,2,1,5,3.5,2222826,11 reviews
648,4,1,4,16,81,4.6,1845338,106 reviews
649,0,0,0,5,11,4.7,1987197,16 reviews
650,1,0,0,0,7,4.5,2229599,8 reviews
651,7,0,1,4,14,3.7,2089761,26 reviews
652,5,8,15,22,64,4.2,2083129,114 reviews
653,42,15,9,18,41,3,1858364,125 reviews
654,11,8,4,7,12,3,2059954,42 reviews
655,12,5,8,24,74,4.2,1942275,123 reviews
656,4,6,19,20,55,4.1,2067858,104 reviews
657,2,1,0,3,4,3.6,2079531,10 reviews
658,3,7,3,2,17,3.7,2112241,32 reviews
659,0,1,2,5,20,4.6,1978477,28 reviews
660,34,43,79,158,416,4.2,1341098,730 reviews
661,1,2,2,4,23,4.4,1844182,32 reviews
662,1,2,2,4,8,3.9,2174977,17 reviews
663,0,0,0,1,11,4.9,1949478,12 reviews
664,0,1,3,9,12,4.3,2019552,25 reviews
665,38,35,13,22,41,3,1961051,149 reviews
666,2,2,2,7,36,4.5,2034734,49 reviews
667,2,2,3,5,11,3.9,2004992,23 reviews
668,2,0,2,3,16,4.3,1875277,23 reviews
669,1,3,8,17,86,4.6,2070092,115 reviews
670,25,32,13,21,65,3.4,2072916,156 reviews
671,3,4,0,2,10,3.6,1826072,19 reviews
672,2,3,3,12,37,4.4,1896976,57 reviews
673,2,5,6,6,25,4.1,1896968,44 reviews
674,3,1,2,8,18,4.2,1920594,32 reviews
675,1,1,1,0,2,3.2,2131274,5 reviews
676,20,25,24,70,228,4.3,1009109,367 reviews
677,2,2,1,2,1,2.8,2230514,8 reviews
678,1,6,1,2,9,3.6,1977529,19 reviews
679,2,3,4,4,4,3.3,1996396,17 reviews
680,12,23,29,52,137,4.1,2071876,253 reviews
681,0,0,0,1,2,4.7,2042687,3 reviews
682,0,0,0,3,4,4.6,2145308,7 reviews
683,11,14,3,15,44,3.8,1911072,87 reviews
684,3,0,1,0,1,2.2,1908581,5 reviews
685,6,1,1,6,19,3.9,2130433,33 reviews
686,0,2,5,11,37,4.5,2043727,55 reviews
687,1,1,0,0,3,3.6,2186096,5 reviews
688,1,0,0,0,2,3.7,2143311,3 reviews
689,7,6,9,14,85,4.4,1697226,121 reviews
690,2,3,0,1,10,3.9,1972314,16 reviews
691,0,0,0,1,2,4.7,1927987,3 reviews
692,3,1,0,0,2,2.5,2082550,6 reviews
693,461,604,877,"2,183","6,941",4.3,2172310,"11,066 reviews"
694,62,92,118,230,819,4.3,1925577,"1,321 reviews"
695,98,104,148,342,"1,460",4.4,2223089,"2,152 reviews"
696,63,112,156,298,729,4.1,1925841,"1,358 reviews"
697,196,220,264,484,"1,374",4,1713155,"2,538 reviews"
698,2,4,8,18,84,4.5,2115939,116 reviews
699,48,97,106,250,655,4.2,1587435,"1,156 reviews"
700,1,1,2,8,64,4.8,2201226,76 reviews
701,63,77,148,605,"2,468",4.6,1164771,"3,361 reviews"
702,8,3,6,16,70,4.3,1848548,103 reviews
703,85,113,157,331,661,4,1629500,"1,347 reviews"
704,17,10,7,22,95,4.1,2221893,151 reviews
705,6,25,20,94,506,4.6,1697275,651 reviews
706,3,8,13,31,56,4.2,2115954,111 reviews
707,9,9,12,58,195,4.5,1636828,283 reviews
708,19,6,10,26,69,3.9,2187847,130 reviews
709,123,177,271,540,"1,224",4.1,1615186,"2,335 reviews"
710,8,13,28,149,478,4.6,1972793,676 reviews
711,5,11,30,59,209,4.5,1994789,314 reviews
712,176,157,205,333,507,3.6,1734730,"1,378 reviews"
713,1,3,3,7,24,4.3,1992437,38 reviews
714,1,1,0,4,26,4.7,1941202,32 reviews
715,21,22,25,45,87,3.8,1674738,200 reviews
716,3,6,6,28,107,4.5,1779784,150 reviews
717,1,1,9,8,16,4.1,1665660,35 reviews
718,18,37,57,124,293,4.2,1644327,529 reviews
719,7,8,13,16,53,4,1926427,97 reviews
720,0,0,4,2,32,4.7,1927748,38 reviews
721,3,6,4,10,18,3.8,1752476,41 reviews
722,3,0,0,3,8,3.9,1926500,14 reviews
723,14,23,28,70,279,4.4,1651603,414 reviews
724,3,6,5,24,124,4.6,2034908,162 reviews
725,5,10,5,10,46,4.1,2047371,76 reviews
726,1,1,2,1,8,4.1,1953157,13 reviews
727,34,43,79,158,416,4.2,1341098,730 reviews
728,14,22,15,14,23,3.1,1671924,88 reviews
729,5,3,5,11,31,4.1,1792464,55 reviews
730,62,92,118,230,819,4.3,1925577,"1,321 reviews"
731,11,10,8,37,211,4.5,1661461,277 reviews
732,111,119,165,357,984,4.1,2037596,"1,736 reviews"
733,465,304,303,507,"1,309",3.7,1669027,"2,888 reviews"
734,72,67,89,216,588,4.1,1776129,"1,032 reviews"
735,55,61,89,317,811,4.3,1317650,"1,333 reviews"
736,22,14,14,24,63,3.7,1350024,137 reviews
737,70,64,83,255,932,4.4,1098821,"1,404 reviews"
738,12,11,34,96,302,4.5,549170,455 reviews
739,38,43,64,120,390,4.2,1578285,655 reviews
740,81,87,109,205,346,3.8,1735349,828 reviews
741,1,3,3,5,13,4,2034775,25 reviews
742,41,58,151,203,306,3.9,2169894,759 reviews
743,49,46,65,99,187,3.7,1783554,446 reviews
744,8,3,8,21,42,4,1835503,82 reviews
745,10,8,6,20,100,4.3,1359876,144 reviews
746,5,5,9,8,29,3.9,1861897,56 reviews
747,22,14,14,24,63,3.7,1350016,137 reviews
748,40,28,17,43,134,3.8,1789999,262 reviews
749,54,63,74,119,214,3.7,873455,524 reviews
750,1,1,9,8,16,4.1,1665660,35 reviews
751,17,22,17,12,86,3.8,1773332,154 reviews
752,51,49,55,98,182,3.7,1776459,435 reviews
753,1,3,1,2,8,3.9,1798412,15 reviews
754,4,2,0,12,18,4.1,2139574,36 reviews
755,6,2,3,4,20,3.9,1866318,35 reviews
756,4,4,8,10,48,4.3,1792951,74 reviews
757,6,3,2,5,43,4.3,1726405,59 reviews
758,5,6,9,11,35,4,1776236,66 reviews
759,15,11,11,24,47,3.7,1779446,108 reviews
760,5,6,4,8,10,3.4,1751916,33 reviews
761,11,14,11,24,69,4,1732221,129 reviews
762,1,0,0,0,2,3.7,1975119,3 reviews
763,1,5,0,1,4,3.2,1948298,11 reviews
764,2,2,1,3,13,4.1,1719780,21 reviews
765,0,0,2,0,5,4.4,2012037,7 reviews
766,4,2,1,6,22,4.1,1901479,35 reviews
767,63,112,156,298,729,4.1,1925841,"1,358 reviews"
768,0,1,0,2,10,4.6,2239358,13 reviews
769,2,4,8,18,84,4.5,2115939,116 reviews
770,4,4,3,10,18,3.9,2162774,39 reviews
771,2,13,23,132,477,4.7,2224954,647 reviews
772,1,1,2,8,64,4.8,2201226,76 reviews
773,28,32,86,289,"1,337",4.6,1890615,"1,772 reviews"
774,9,18,32,85,642,4.7,1993948,786 reviews
775,26,26,34,84,300,4.3,2055986,470 reviews
776,2,4,6,6,17,3.9,1958859,35 reviews
777,0,0,0,3,39,4.9,2191773,42 reviews
778,6,2,0,3,6,3.1,2106201,17 reviews
779,43,28,41,88,380,4.3,2009512,580 reviews
780,1,1,9,8,16,4.1,1665660,35 reviews
781,7,8,13,16,53,4,1926427,97 reviews
782,2,0,0,0,6,4,2198711,8 reviews
783,9,13,15,30,84,4.1,1956796,151 reviews
784,0,0,0,0,2,5,2098465,2 reviews
785,4,6,19,20,55,4.1,2067858,104 reviews
786,0,1,2,5,20,4.6,1978477,28 reviews
787,5,6,4,8,10,3.4,1751916,33 reviews
788,2,3,4,4,4,3.3,1996396,17 reviews
789,0,0,1,0,1,4,2006252,2 reviews
790,0,0,0,1,1,4.5,2205631,2 reviews
791,0,0,2,0,5,4.4,2012037,7 reviews
792,4,6,12,24,154,4.6,2015980,200 reviews
793,10,22,29,34,104,4,2218790,199 reviews
794,199,226,332,827,"2,819",4.3,2137230,"4,403 reviews"
795,9,7,18,34,142,4.4,2230274,210 reviews
796,26,19,39,78,198,4.1,2221869,360 reviews
797,19,7,12,6,13,2.8,2191963,57 reviews
798,2,6,9,17,92,4.5,2157683,126 reviews
799,11,17,17,23,88,4,1839554,156 reviews
800,24,30,48,141,451,4.4,2033454,694 reviews
801,5,22,73,499,"1,731",4.7,1935659,"2,330 reviews"
802,10,25,55,132,473,4.5,2207355,695 reviews
803,4,6,11,20,95,4.4,2191435,136 reviews
804,46,56,93,234,831,4.4,2252096,"1,260 reviews"
805,2,5,6,6,21,4,2191880,40 reviews
806,9,18,32,85,642,4.7,1993948,786 reviews
807,14,19,28,47,179,4.2,2150589,287 reviews
808,3,7,15,20,79,4.3,2118982,124 reviews
809,19,10,12,21,54,3.7,2076313,116 reviews
810,0,0,0,0,1,5,2274249,1 review
811,8,12,13,19,95,4.2,2070076,147 reviews
812,16,14,28,67,207,4.3,1719244,332 reviews
813,11,5,11,13,96,4.3,1875046,136 reviews
814,7,10,13,33,113,4.3,2028884,176 reviews
815,1,7,8,9,49,4.3,1933308,74 reviews
816,0,0,0,1,2,4.7,2250215,3 reviews
817,3,7,15,20,79,4.3,2118982,124 reviews
818,1,0,3,5,25,4.6,2097806,34 reviews
819,12,8,14,35,193,4.5,2112704,262 reviews
820,12,14,38,84,222,4.3,1941517,370 reviews
821,27,20,47,73,494,4.5,2219079,661 reviews
822,6,8,6,32,87,4.3,1776806,139 reviews
823,2,3,2,8,63,4.6,2170108,78 reviews
824,1,0,1,3,26,4.7,2119790,31 reviews
825,0,0,0,2,13,4.9,2084234,15 reviews
826,4,7,10,24,91,4.4,2137222,136 reviews
827,26,31,49,96,216,4.1,1582741,418 reviews
828,30,28,28,107,301,4.3,1631951,494 reviews
829,0,0,0,1,21,5,2159168,22 reviews
830,1,1,9,8,16,4.1,1665660,35 reviews
831,0,0,0,5,8,4.6,2230472,13 reviews
832,0,1,0,0,5,4.5,1978360,6 reviews
833,12,17,26,31,150,4.2,1784438,236 reviews
834,0,4,0,2,6,3.8,2261790,12 reviews
835,0,3,0,2,7,4.1,2187144,12 reviews
836,4,4,5,6,12,3.6,1907849,31 reviews
837,1,0,2,2,0,3,2101897,5 reviews
838,0,0,0,5,11,4.7,1987197,16 reviews
839,7,3,7,6,24,3.8,1876119,47 reviews
840,0,0,2,0,10,4.7,2115319,12 reviews
841,5,15,9,16,53,4,1505163,98 reviews
842,8,4,6,16,58,4.2,1627421,92 reviews
843,0,1,0,3,4,4.3,1977537,8 reviews
844,"1,766","1,742","1,772","2,479","6,783",3.7,1533439,"14,542 reviews"
845,"1,121","1,035","1,336","2,707","8,913",4.1,1343938,"15,112 reviews"
846,11,27,46,80,286,4.3,2063410,450 reviews
847,525,431,506,838,"1,919",3.8,2031649,"4,219 reviews"
848,411,377,432,918,"3,256",4.2,1665082,"5,394 reviews"
849,364,401,575,973,"2,364",4,2062412,"4,677 reviews"
850,150,163,213,334,704,3.8,1689744,"1,564 reviews"
851,331,309,504,"1,639","3,536",4.2,1758184,"6,319 reviews"
852,931,544,359,502,992,3,1809193,"3,328 reviews"
853,125,144,290,667,"1,986",4.3,137471,"3,212 reviews"
854,366,431,510,"1,149","3,698",4.2,862417,"6,154 reviews"
855,256,275,270,465,"1,480",4,1635770,"2,746 reviews"
856,127,121,151,201,540,3.8,1789635,"1,140 reviews"
857,375,244,232,662,"2,326",4.1,692467,"3,839 reviews"
858,137,138,181,460,"1,200",4.2,2087666,"2,116 reviews"
859,122,120,182,539,"1,541",4.3,711267,"2,504 reviews"
860,171,118,141,157,719,3.9,1868215,"1,306 reviews"
861,90,107,138,395,"1,321",4.3,2085231,"2,051 reviews"
862,322,285,258,453,"1,385",3.8,1197458,"2,703 reviews"
863,283,247,270,431,"1,428",3.9,838763,"2,659 reviews"
864,35,45,65,138,606,4.4,764183,889 reviews
865,2,8,26,69,110,4.3,2217933,215 reviews
866,21,22,30,55,297,4.4,1562024,425 reviews
867,159,166,148,308,"1,133",4.1,1520329,"1,914 reviews"
868,191,117,125,223,668,3.8,1495183,"1,324 reviews"
869,140,124,221,422,471,3.7,2214849,"1,378 reviews"
870,41,38,54,100,342,4.2,1540293,575 reviews
871,133,167,208,460,"1,634",4.3,1107051,"2,602 reviews"
872,80,55,65,84,204,3.6,1834167,488 reviews
873,95,74,68,116,455,3.9,1711332,808 reviews
874,252,191,207,385,810,3.7,1001775,"1,845 reviews"
875,33,31,29,59,155,3.9,1487180,307 reviews
876,411,377,432,918,"3,256",4.2,1728492,"5,394 reviews"
877,3,8,9,51,116,4.4,2038602,187 reviews
878,46,37,92,216,575,4.3,2056463,966 reviews
879,"1,121","1,035","1,336","2,707","8,913",4.1,1395482,"15,112 reviews"
880,84,75,58,61,169,3.3,2090090,447 reviews
881,65,53,59,152,506,4.2,1325653,835 reviews
882,17,6,7,8,64,3.9,1067792,102 reviews
883,31,30,41,127,469,4.4,55780,698 reviews
884,114,117,110,141,286,3.5,1357664,768 reviews
885,75,61,70,146,429,4,1907591,781 reviews
886,112,96,103,205,695,4.1,1787134,"1,211 reviews"
887,489,498,675,"1,351","3,302",4,713941,"6,315 reviews"
888,63,48,52,110,276,3.9,1254606,549 reviews
889,254,222,276,536,"1,812",4.1,987651,"3,100 reviews"
890,525,431,506,838,"1,919",3.8,2031813,"4,219 reviews"
891,33,34,42,49,176,3.9,1666676,334 reviews
892,16,3,5,11,59,4,1499615,94 reviews
893,11,11,9,24,132,4.4,1533306,187 reviews
894,18,18,15,32,104,4,1956184,187 reviews
895,39,41,53,109,472,4.3,1473503,714 reviews
896,15,15,73,142,217,4.1,1956465,462 reviews
897,46,65,97,296,"1,075",4.4,2085223,"1,579 reviews"
898,74,53,54,84,130,3.4,2203826,395 reviews
899,9,4,9,7,71,4.3,2205714,100 reviews
900,38,34,39,92,290,4.1,724294,493 reviews
901,9,13,10,13,34,3.6,2138816,79 reviews
902,30,17,17,22,92,3.7,1593730,178 reviews
903,108,94,108,221,580,4,1315902,"1,111 reviews"
904,191,152,169,300,696,3.8,1078138,"1,508 reviews"
905,119,85,79,122,296,3.6,1821016,701 reviews
906,5,6,11,23,82,4.3,1666023,127 reviews
907,2,3,3,0,17,4.1,2200079,25 reviews
908,448,182,165,303,653,3.3,1357813,"1,751 reviews"
909,21,37,130,317,472,4.2,2216711,977 reviews
910,21,15,22,46,158,4.2,2211951,262 reviews
911,8,32,102,244,328,4.2,2235950,714 reviews
912,8,10,13,18,112,4.3,1464544,161 reviews
913,9,17,29,33,117,4.1,1668870,205 reviews
914,21,22,12,18,84,3.8,1858687,157 reviews
915,8,11,7,12,37,3.8,2156420,75 reviews
916,60,58,60,112,326,4,1641265,616 reviews
917,85,38,48,87,201,3.6,1440486,459 reviews
918,7,3,5,10,40,4.1,1666007,65 reviews
919,46,50,80,158,349,4,502641,683 reviews
920,49,33,34,78,286,4.1,1831395,480 reviews
921,3,2,2,3,17,4.1,2203198,27 reviews
922,152,182,207,484,"1,545",4.2,1097229,"2,570 reviews"
923,4,8,14,18,43,4,2012615,87 reviews
924,82,52,56,87,282,3.8,1130822,559 reviews
925,43,26,18,36,93,3.5,1785005,216 reviews
926,25,28,27,87,266,4.2,1265800,433 reviews
927,88,48,76,127,408,4,1162635,747 reviews
928,34,32,47,63,194,3.9,834028,370 reviews
929,6,4,14,13,74,4.3,1638337,111 reviews
930,10,8,8,4,18,3.3,2102556,48 reviews
931,29,28,50,94,252,4.1,1840636,453 reviews
932,51,30,20,21,38,2.8,2214799,160 reviews
933,80,80,32,61,143,3.3,1780667,396 reviews
934,42,51,57,100,375,4.1,1442607,625 reviews
935,19,31,31,64,116,3.9,1711654,261 reviews
936,82,196,453,806,"1,067",4,2201846,"2,604 reviews"
937,5,4,8,18,61,4.3,1386879,96 reviews
938,1,3,4,3,19,4.2,1987478,30 reviews
939,1,1,3,1,4,3.6,2243905,10 reviews
940,125,144,290,667,"1,986",4.3,2111201,"3,212 reviews"
941,90,52,57,105,289,3.8,1613322,593 reviews
942,8,2,7,4,32,3.9,1586080,53 reviews
943,5,7,6,10,14,3.5,2076347,42 reviews
944,1,3,5,7,17,4.1,1669035,33 reviews
945,103,97,102,127,274,3.5,1534338,703 reviews
946,6,3,15,37,97,4.4,1857879,158 reviews
947,102,44,29,36,78,2.8,1586072,289 reviews
948,8,11,7,9,57,4,1816438,92 reviews
949,7,10,6,5,16,3.3,2050359,44 reviews
950,4,2,1,2,20,4.1,1731678,29 reviews
951,489,498,675,"1,351","3,302",4,1040666,"6,315 reviews"
952,45,35,24,46,131,3.7,1781285,281 reviews
953,2,2,0,2,17,4.3,1936814,23 reviews
954,33,23,29,36,60,3.4,1959139,181 reviews
955,7,6,2,8,22,3.7,1648468,45 reviews
956,18,12,10,18,47,3.6,1504984,105 reviews
957,1,1,3,3,10,4.1,1673383,18 reviews
958,19,7,8,5,15,2.8,2185635,54 reviews
959,6,3,6,13,38,4.1,2136349,66 reviews
960,173,119,103,218,505,3.7,1164656,"1,118 reviews"
961,27,15,12,34,201,4.3,1856772,289 reviews
962,55,18,6,16,31,2.6,1968247,126 reviews
963,1,2,0,1,7,4,1987486,11 reviews
964,1,0,0,0,2,3.7,2226819,3 reviews
965,27,10,19,23,87,3.8,1589159,166 reviews
966,8,7,6,10,26,3.7,1813229,57 reviews
967,10,5,3,2,7,2.7,1959147,27 reviews
968,1,3,0,0,0,1.8,1993690,4 reviews
969,1,6,8,3,18,3.9,1903509,36 reviews
970,156,77,48,78,150,3,1501295,509 reviews
971,28,25,35,93,362,4.4,1216951,543 reviews
972,7,22,75,180,123,4,1968437,407 reviews
973,"1,310","1,132","1,347","2,406","10,545",4.2,1177567,"16,740 reviews"
974,303,252,397,"1,079","4,632",4.4,1501311,"6,663 reviews"
975,502,472,629,"1,565","7,157",4.4,1221084,"10,325 reviews"
976,607,678,990,"2,848","10,250",4.4,1971522,"15,373 reviews"
977,320,303,452,"1,368","3,637",4.3,1118033,"6,080 reviews"
978,54,53,52,92,451,4.2,2098655,702 reviews
979,246,193,222,589,"1,440",4,1473743,"2,690 reviews"
980,0,0,0,0,2,5,2245942,2 reviews
981,277,239,185,220,"1,074",3.8,2094258,"1,995 reviews"
982,141,158,186,374,"1,601",4.3,1287408,"2,460 reviews"
983,107,90,93,140,335,3.7,1621523,765 reviews
984,26,32,24,30,42,3.2,2225845,154 reviews
985,211,169,157,433,977,3.9,2100972,"1,947 reviews"
986,109,78,76,121,412,3.8,1799048,796 reviews
987,113,117,168,620,"1,723",4.4,1642081,"2,741 reviews"
988,40,50,79,133,616,4.3,1827062,918 reviews
989,183,145,152,206,426,3.5,1551902,"1,112 reviews"
990,53,43,65,119,264,3.9,1394519,544 reviews
991,76,64,77,132,374,3.9,1698695,723 reviews
992,43,44,85,378,"1,662",4.6,2234730,"2,212 reviews"
993,25,38,46,106,628,4.5,1711639,843 reviews
994,277,222,248,448,"1,698",4.1,1585819,"2,893 reviews"
995,64,82,86,178,693,4.2,1505213,"1,103 reviews"
996,49,50,100,313,696,4.3,2181238,"1,208 reviews"
997,15,15,17,17,104,4.1,1587674,168 reviews
998,7,13,19,33,140,4.3,2072437,212 reviews
999,18,12,18,45,159,4.3,1648633,252 reviews
1000,159,86,36,39,64,2.4,2089811,384 reviews
1001,47,52,66,210,958,4.5,136952,"1,333 reviews"
1002,33,32,40,78,293,4.2,1877505,476 reviews
1003,36,27,38,43,308,4.2,1961069,452 reviews
1004,21,20,23,18,139,4.1,2053833,221 reviews
1005,7,4,7,8,29,3.9,2115558,55 reviews
1006,74,65,121,342,903,4.3,203448,"1,505 reviews"
1007,0,0,0,0,1,5,2266732,1 review
1008,9,16,23,25,49,3.7,2144632,122 reviews
1009,9,12,15,12,121,4.3,1987635,169 reviews
1010,11,10,11,28,58,3.9,1837327,118 reviews
1011,0,0,0,1,1,4.5,2264414,2 reviews
1012,19,19,25,33,65,3.7,1911700,161 reviews
1013,22,18,62,262,514,4.4,2191849,878 reviews
1014,14,15,14,19,63,3.8,2117919,125 reviews
1015,9,2,6,8,42,4.1,2050243,67 reviews
1016,18,23,12,18,110,4,2005593,181 reviews
1017,69,59,89,191,625,4.2,1370766,"1,033 reviews"
1018,43,44,85,378,"1,662",4.6,2234730,"2,212 reviews"
1019,164,136,252,689,"1,843",4.3,1296284,"3,084 reviews"
1020,3,2,12,16,74,4.5,2135879,107 reviews
1021,26,25,35,86,343,4.3,838821,515 reviews
1022,21,19,17,28,139,4.1,2061133,224 reviews
1023,26,24,27,49,266,4.3,1323203,392 reviews
1024,11,9,12,35,87,4.2,1900984,154 reviews
1025,109,63,50,67,184,3.3,1744283,473 reviews
1026,69,44,60,101,180,3.6,1474097,454 reviews
1027,1,3,5,8,47,4.5,2135655,64 reviews
1028,3,13,43,220,569,4.6,2098598,848 reviews
1029,0,0,0,0,1,5,2274298,1 review
1030,34,48,29,28,133,3.7,2089688,272 reviews
1031,1,2,5,1,17,4.2,2203206,26 reviews
1032,13,9,13,24,83,4.1,1900976,142 reviews
1033,0,0,1,0,6,4.7,2235745,7 reviews
1034,2,6,8,5,26,4,2179083,47 reviews
1035,112,114,131,312,"1,005",4.2,1961093,"1,674 reviews"
1036,9,14,14,33,180,4.4,2140788,250 reviews
1037,62,30,48,99,232,3.9,1662071,471 reviews
1038,1,1,1,1,6,4,2083236,10 reviews
1039,0,0,0,1,5,4.8,2149417,6 reviews
1040,33,22,43,41,92,3.6,1670892,231 reviews
1041,28,24,26,75,171,4,1916519,324 reviews
1042,100,78,70,245,633,4.1,1727494,"1,126 reviews"
1043,5,8,7,9,42,4.1,1990647,71 reviews
1044,11,10,20,28,122,4.3,1949866,191 reviews
1045,18,17,19,27,90,3.9,2181220,171 reviews
1046,31,36,51,150,428,4.3,1531532,696 reviews
1047,102,69,38,78,209,3.4,2089670,496 reviews
1048,150,137,173,236,558,3.7,1673748,"1,254 reviews"
1049,1,0,2,3,22,4.6,2208486,28 reviews
1050,18,9,17,17,66,3.8,1386895,127 reviews
1051,9,8,7,16,57,4.1,1533819,97 reviews
1052,0,2,2,9,21,4.4,2083459,34 reviews
1053,20,4,12,24,50,3.7,1576487,110 reviews
1054,38,22,36,21,67,3.3,1858653,184 reviews
1055,41,8,6,0,5,1.7,1869098,60 reviews
1056,3,0,1,3,15,4.2,2131670,22 reviews
1057,0,2,4,2,14,4.3,2102457,22 reviews
1058,2,3,2,6,27,4.3,1672765,40 reviews
1059,3,2,6,3,18,4,2102549,32 reviews
1060,71,83,133,343,"1,173",4.4,756593,"1,803 reviews"
1061,4,7,3,6,29,4,1727205,49 reviews
1062,9,6,5,6,23,3.6,1648385,49 reviews
1063,119,85,102,254,802,4.1,1344274,"1,362 reviews"
1064,45,37,28,48,114,3.5,1994375,272 reviews
1065,0,0,2,0,0,3,2225357,2 reviews
1066,2,2,0,2,12,4.1,1841782,18 reviews
1067,16,12,18,15,46,3.6,2060556,107 reviews
1068,16,5,8,2,27,3.3,1689793,58 reviews
1069,9,9,11,19,88,4.2,1230432,136 reviews
1070,19,20,17,41,212,4.3,1112564,309 reviews
1071,6,11,11,32,88,4.3,889840,148 reviews
1072,7,8,6,18,48,4.1,1932821,87 reviews
1073,45,34,41,31,110,3.5,1703768,261 reviews
1074,16,9,1,9,31,3.5,1892983,66 reviews
1075,3,6,10,21,45,4.2,1998855,85 reviews
1076,2,3,1,0,20,4.3,1927789,26 reviews
1077,1,1,0,2,7,4.2,2143477,11 reviews
1078,9,6,5,9,24,3.6,1785021,53 reviews
1079,2,3,4,0,4,3.1,1795103,13 reviews
1080,39,23,40,48,121,3.7,1433945,271 reviews
1081,"1,592",843,536,592,"1,039",2.7,1719731,"4,602 reviews"
1082,7,8,5,9,14,3.3,1820414,43 reviews
1083,65,30,17,9,20,2.2,1869072,141 reviews
1084,58,23,12,16,47,2.8,1711357,156 reviews
1085,14,8,7,14,37,3.7,1370543,80 reviews
1086,18,11,8,25,89,4,1575265,151 reviews
1087,4,1,0,0,5,3.1,1909696,10 reviews
1088,1,3,3,1,11,3.9,1876234,19 reviews
1089,4,2,2,4,13,3.8,1949833,25 reviews
1090,7,3,3,8,23,3.8,2054914,44 reviews
1091,16,13,10,6,16,2.9,2143865,61 reviews
1092,1,1,1,0,7,4.1,2229417,10 reviews
1093,23,17,12,68,178,4.2,861690,298 reviews
1094,7,0,1,0,3,2.3,2216729,11 reviews
1095,0,0,0,1,5,4.8,1771104,6 reviews
1096,4,3,1,2,17,3.9,1836105,27 reviews
1097,11,10,8,12,21,3.4,2041747,62 reviews
1098,1,0,0,4,8,4.4,1993732,13 reviews
1099,0,0,0,1,2,4.7,2145324,3 reviews
1100,2,7,2,6,21,4,1840537,38 reviews
1101,3,4,3,2,3,2.9,2122935,15 reviews
1102,1,2,0,4,10,4.2,1936798,17 reviews
1103,8,6,5,16,25,3.7,1656917,60 reviews
1104,2,2,3,1,5,3.4,1977578,13 reviews
1105,1,1,2,3,11,4.2,1575588,18 reviews
1106,1,2,1,1,4,3.6,1936731,9 reviews
1107,0,0,1,0,6,4.7,2043693,7 reviews
1108,29,7,3,2,6,1.9,2226793,47 reviews
1109,1,4,1,1,4,3.3,1821875,11 reviews
1110,3,2,2,2,4,3.2,1901370,13 reviews
1111,26,14,4,8,26,2.9,1797661,78 reviews
1112,8,6,6,5,8,3,2145514,33 reviews
1113,1,1,1,1,4,3.8,1865245,8 reviews
1114,0,0,0,0,5,5,1672773,5 reviews
1115,2,0,1,2,4,3.7,1927771,9 reviews
1116,4,1,2,4,41,4.5,1797752,52 reviews
1117,0,0,1,0,2,4.3,1967538,3 reviews
1118,439,575,"1,032","2,576","9,583",4.4,1056084,"14,205 reviews"
1119,153,173,304,880,"2,903",4.4,2080224,"4,413 reviews"
1120,44,53,208,"1,095","2,975",4.6,2217479,"4,375 reviews"
1121,132,172,386,"1,429","7,991",4.7,1578699,"10,110 reviews"
1122,254,299,379,589,"1,750",4,1790534,"3,271 reviews"
1123,55,89,109,226,871,4.3,2217511,"1,350 reviews"
1124,103,141,322,990,"1,826",4.3,1317395,"3,382 reviews"
1125,120,121,183,621,"2,524",4.5,1012855,"3,569 reviews"
1126,1,0,3,5,22,4.5,2217396,31 reviews
1127,29,23,56,133,860,4.6,1178219,"1,101 reviews"
1128,48,55,143,628,"3,442",4.7,929778,"4,316 reviews"
1129,3,6,20,80,167,4.5,2251544,276 reviews
1130,2,5,7,17,39,4.2,2203594,70 reviews
1131,17,11,13,31,117,4.2,2181329,189 reviews
1132,50,70,68,86,218,3.7,2182111,492 reviews
1133,57,86,131,388,"1,389",4.4,764936,"2,051 reviews"
1134,22,31,67,219,580,4.4,2100501,919 reviews
1135,32,40,44,66,136,3.7,2182319,318 reviews
1136,34,35,48,145,588,4.4,1454271,850 reviews
1137,15,12,5,20,145,4.4,2226785,197 reviews
1138,22,21,64,389,"1,085",4.6,2005130,"1,581 reviews"
1139,0,0,0,0,2,5,2236685,2 reviews
1140,9,17,42,188,512,4.5,2029817,768 reviews
1141,25,29,114,663,"2,889",4.7,2226769,"3,720 reviews"
1142,47,25,31,38,223,4,2226777,364 reviews
1143,143,148,194,547,"1,395",4.2,829713,"2,427 reviews"
1144,65,78,110,347,927,4.3,2086577,"1,527 reviews"
1145,12,16,4,25,139,4.3,1447382,196 reviews
1146,28,23,23,42,174,4.1,1695204,290 reviews
1147,15,26,14,45,226,4.4,1868207,326 reviews
1148,8,16,9,13,30,3.5,2182178,76 reviews
1149,1,1,4,8,58,4.7,2140804,72 reviews
1150,41,35,52,163,548,4.4,1180116,839 reviews
1151,6,9,11,8,65,4.2,2115665,99 reviews
1152,2,0,1,3,23,4.6,2102432,29 reviews
1153,59,18,26,110,399,4.3,1639277,612 reviews
1154,35,44,66,196,187,3.9,1772995,528 reviews
1155,1,3,5,8,47,4.5,2135655,64 reviews
1156,39,45,49,146,473,4.3,1240944,752 reviews
1157,23,23,41,116,357,4.4,742130,560 reviews
1158,0,0,0,0,1,5,2031730,1 review
1159,33,30,54,183,834,4.5,1461086,"1,134 reviews"
1160,1,1,9,18,64,4.5,1639665,93 reviews
1161,1,0,3,0,15,4.5,2024016,19 reviews
1162,6,5,23,45,99,4.3,2100485,178 reviews
1163,1,2,1,13,37,4.5,1685338,54 reviews
1164,9,12,13,32,69,4,2031631,135 reviews
1165,55,76,113,326,"1,088",4.4,1820794,"1,658 reviews"
1166,20,7,22,30,65,3.8,1723014,144 reviews
1167,12,14,38,84,222,4.3,1941517,370 reviews
1168,8,5,17,27,86,4.2,1964451,143 reviews
1169,17,25,28,55,169,4.1,1622075,294 reviews
1170,4,1,1,3,11,3.8,2109007,20 reviews
1171,15,14,9,33,161,4.3,1781624,232 reviews
1172,1,0,1,1,39,4.8,1578335,42 reviews
1173,0,1,7,11,50,4.6,1110055,69 reviews
1174,49,20,26,40,94,3.5,1642305,229 reviews
1175,40,32,62,143,575,4.4,1441146,852 reviews
1176,1,1,0,25,84,4.7,2199487,111 reviews
1177,7,8,12,18,53,4,1721356,98 reviews
1178,0,1,1,5,23,4.7,2181436,30 reviews
1179,0,0,1,0,6,4.7,2224921,7 reviews
1180,1,0,0,4,13,4.6,1987692,18 reviews
1181,2,6,5,16,53,4.4,1820927,82 reviews
1182,4,2,3,5,37,4.4,1827989,51 reviews
1183,2,5,13,39,118,4.5,2029775,177 reviews
1184,2,2,7,4,21,4.1,2002715,36 reviews
1185,0,6,6,13,20,4,2048809,45 reviews
1186,1,1,4,4,34,4.6,1861970,44 reviews
1187,58,141,415,"1,234","1,342",4.1,2086924,"3,190 reviews"
1188,15,16,19,21,85,3.9,1822360,156 reviews
1189,11,9,7,13,37,3.7,2182384,77 reviews
1190,0,2,1,3,9,4.3,2182244,15 reviews
1191,11,7,10,17,45,3.9,1779834,90 reviews
1192,4,2,2,8,22,4.1,1820935,38 reviews
1193,0,1,3,0,9,4.3,2182442,13 reviews
1194,6,4,6,10,34,4,1861939,60 reviews
1195,4,4,2,8,33,4.2,1895036,51 reviews
1196,8,3,1,3,11,3.2,1911171,26 reviews
1197,1,2,3,4,34,4.5,1814003,44 reviews
1198,0,1,1,4,9,4.4,2201135,15 reviews
1199,10,11,21,21,35,3.6,1911247,98 reviews
1200,3,4,1,4,9,3.6,1639970,21 reviews
1201,2,2,5,15,79,4.6,2199495,103 reviews
1202,0,1,1,1,4,4.1,2109114,7 reviews
1203,3,7,6,13,41,4.2,2139533,70 reviews
1204,1,2,0,2,11,4.3,2087823,16 reviews
1205,9,20,28,101,313,4.5,1118819,471 reviews
1206,0,1,3,1,24,4.7,1672278,29 reviews
1207,4,15,12,47,136,4.4,1953835,214 reviews
1208,4,4,4,8,25,4,1961077,45 reviews
1209,1,1,3,5,16,4.3,1441211,26 reviews
1210,1,0,3,3,16,4.4,1949965,23 reviews
1211,5,2,2,8,16,3.8,2136323,33 reviews
1212,8,6,27,77,279,4.5,1849686,397 reviews
1213,9,4,4,5,11,3.2,1809862,33 reviews
1214,6,12,9,16,43,3.9,1852987,86 reviews
1215,0,0,2,4,8,4.4,1805282,14 reviews
1216,0,1,0,1,1,3.7,1861996,3 reviews
1217,1,0,0,1,3,4,1936772,5 reviews
1218,2,0,0,0,2,3,1909662,4 reviews
1219,1,0,0,0,1,3,2166502,2 reviews
1220,5,3,3,20,47,4.3,1505593,78 reviews
1221,9,5,20,70,102,4.2,1849439,206 reviews
1222,3,3,2,3,9,3.6,1949924,20 reviews
1223,4,6,12,24,154,4.6,2015980,200 reviews
1224,10,22,29,34,104,4,2218790,199 reviews
1225,199,226,332,827,"2,819",4.3,2137230,"4,403 reviews"
1226,9,7,18,34,142,4.4,2230274,210 reviews
1227,66,77,131,377,"2,564",4.6,2211076,"3,215 reviews"
1228,65,97,251,679,"2,022",4.4,2181865,"3,114 reviews"
1229,26,19,39,78,198,4.1,2221869,360 reviews
1230,19,7,12,6,13,2.8,2191963,57 reviews
1231,2,6,9,17,92,4.5,2157683,126 reviews
1232,95,72,79,137,397,3.9,1943521,780 reviews
1233,39,51,79,309,"1,995",4.7,1402999,"2,473 reviews"
1234,7,7,8,24,85,4.3,2201473,131 reviews
1235,11,17,17,23,88,4,1839554,156 reviews
1236,45,61,90,253,"1,321",4.6,2171510,"1,770 reviews"
1237,24,30,48,141,451,4.4,2033454,694 reviews
1238,113,117,168,620,"1,723",4.4,1642081,"2,741 reviews"
1239,5,22,73,499,"1,731",4.7,1935659,"2,330 reviews"
1240,19,37,33,63,275,4.3,1484989,427 reviews
1241,0,1,1,2,3,4,2266153,7 reviews
1242,10,25,55,132,473,4.5,2207355,695 reviews
1243,19,24,29,101,455,4.5,1941970,628 reviews
1244,4,6,11,20,95,4.4,2191435,136 reviews
1245,46,56,93,234,831,4.4,2252096,"1,260 reviews"
1246,28,32,86,289,"1,337",4.6,1890615,"1,772 reviews"
1247,69,68,111,257,491,4,2193084,996 reviews
1248,4,5,10,28,166,4.6,2251627,213 reviews
1249,8,10,20,27,123,4.3,2210524,188 reviews
1250,1,1,0,1,13,4.5,2237816,16 reviews
1251,70,64,83,255,932,4.4,1098821,"1,404 reviews"
1252,2,5,6,6,21,4,2191880,40 reviews
1253,8,15,39,160,831,4.7,2027209,"1,053 reviews"
1254,8,19,36,117,270,4.4,2102465,450 reviews
1255,9,18,32,85,642,4.7,1993948,786 reviews
1256,18,12,18,45,159,4.3,1648633,252 reviews
1257,14,19,28,47,179,4.2,2150589,287 reviews
1258,23,32,48,159,677,4.5,2200681,939 reviews
1259,0,0,1,0,5,4.7,2225431,6 reviews
1260,3,7,15,20,79,4.3,2118982,124 reviews
1261,32,36,139,634,"1,293",4.5,1855402,"2,134 reviews"
1262,15,16,25,94,220,4.3,2229870,370 reviews
1263,9,16,23,25,49,3.7,2144632,122 reviews
1264,19,10,12,21,54,3.7,2076313,116 reviews
1265,0,2,0,3,21,4.7,2261055,26 reviews
1266,11,10,11,28,58,3.9,1837327,118 reviews
1267,0,0,0,0,1,5,2274249,1 review
1268,8,12,13,19,95,4.2,2070076,147 reviews
1269,2,5,4,10,25,4.1,2220812,46 reviews
1270,16,14,28,67,207,4.3,1719244,332 reviews
1271,1,3,3,6,52,4.6,1987809,65 reviews
1272,2,8,15,35,266,4.7,2254555,326 reviews
1273,11,5,11,13,96,4.3,1875046,136 reviews
1274,7,10,13,33,113,4.3,2028884,176 reviews
1275,1,7,8,9,49,4.3,1933308,74 reviews
1276,2,3,3,8,15,4,2090124,31 reviews
1277,1,3,5,8,47,4.5,2135655,64 reviews
1278,10,9,12,18,28,3.6,1902725,77 reviews
1279,112,114,131,312,"1,005",4.2,1961093,"1,674 reviews"
1280,9,6,17,15,106,4.3,1813492,153 reviews
1281,3,7,15,20,79,4.3,2118982,124 reviews
1282,7,13,47,197,477,4.5,2207256,741 reviews
1283,2,6,48,216,720,4.7,2098549,992 reviews
1284,12,8,4,9,34,3.7,2061653,67 reviews
1285,12,8,14,35,193,4.5,2112704,262 reviews
1286,9,7,5,2,10,2.9,2243079,33 reviews
1287,27,20,47,73,494,4.5,2219079,661 reviews
1288,34,62,125,369,"1,381",4.5,1330281,"1,971 reviews"
1289,4,1,2,5,31,4.3,1966035,43 reviews
1290,1,0,1,3,26,4.7,2119790,31 reviews
1291,0,0,0,2,13,4.9,2084234,15 reviews
1292,1,0,2,3,32,4.7,2234565,38 reviews
1293,4,7,10,24,91,4.4,2137222,136 reviews
1294,13,8,7,24,100,4.3,1911551,152 reviews
1295,2,3,6,14,78,4.6,1947415,103 reviews
1296,25,24,18,35,143,4,1898071,245 reviews
1297,15,6,9,15,24,3.4,2171379,69 reviews
1298,26,31,49,96,216,4.1,1582741,418 reviews
1299,30,28,28,107,301,4.3,1631951,494 reviews
1300,4,9,14,28,75,4.2,1540053,130 reviews
1301,0,3,9,8,77,4.6,2169969,97 reviews
1302,4,1,2,1,14,3.9,2090389,22 reviews
1303,0,0,0,2,11,4.8,2150662,13 reviews
1304,0,0,1,3,19,4.8,2231371,23 reviews
1305,71,83,133,343,"1,173",4.4,756593,"1,803 reviews"
1306,0,1,2,0,2,3.6,2198075,5 reviews
1307,14,21,24,68,195,4.3,1613272,322 reviews
1308,0,1,0,0,5,4.5,1978360,6 reviews
1309,18,12,30,91,499,4.6,1711001,650 reviews
1310,4,7,10,17,95,4.4,2027522,133 reviews
1311,7,1,1,1,9,3.2,2110542,19 reviews
1312,9,6,5,6,23,3.6,1648385,49 reviews
1313,2,3,5,5,24,4.2,2208007,39 reviews
1314,18,17,10,18,77,3.8,1994151,140 reviews
1315,1,1,4,7,30,4.5,2156131,43 reviews
1316,6,4,14,30,182,4.6,1973163,236 reviews
1317,12,17,26,31,150,4.2,1784438,236 reviews
1318,11,42,87,248,423,4.3,2181915,811 reviews
1319,5,5,19,51,116,4.4,2197747,196 reviews
1320,6,4,7,8,41,4.1,1735067,66 reviews
1321,9,12,10,10,28,3.5,1672609,69 reviews
1322,34,30,33,23,81,3.4,2028272,201 reviews
1323,45,34,41,31,110,3.5,1703768,261 reviews
1324,21,28,43,168,492,4.4,1098888,752 reviews
1325,3,3,7,11,36,4.2,2179257,60 reviews
1326,1,1,5,8,31,4.5,1539907,46 reviews
1327,0,3,0,2,7,4.1,2187144,12 reviews
1328,1,1,0,2,7,4.2,2143477,11 reviews
1329,7,8,9,10,78,4.3,2141596,112 reviews
1330,0,2,0,0,7,4.3,2220069,9 reviews
1331,4,4,5,6,12,3.6,1907849,31 reviews
1332,3,3,3,1,15,3.9,1673334,25 reviews
1333,0,0,0,0,4,5,2157121,4 reviews
1334,3,4,4,6,35,4.3,2140648,52 reviews
1335,0,2,2,4,9,4.2,1707504,17 reviews
1336,0,0,0,0,7,5,2106714,7 reviews
1337,9,20,28,101,313,4.5,1118819,471 reviews
1338,12,14,6,16,34,3.6,2034874,82 reviews
1339,1,0,2,2,0,3,2101897,5 reviews
1340,0,0,0,5,11,4.7,1987197,16 reviews
1341,18,11,8,25,89,4,1575265,151 reviews
1342,9,10,2,9,20,3.4,1993419,50 reviews
1343,2,1,0,0,4,3.4,2157147,7 reviews
1344,0,1,3,1,5,4,2205722,10 reviews
1345,3,0,1,2,13,4.2,2125466,19 reviews
1346,2,3,0,1,5,3.4,2202539,11 reviews
1347,4,3,5,1,11,3.5,1901446,24 reviews
1348,1,2,2,4,8,3.9,2174977,17 reviews
1349,6,1,1,4,7,3.3,1975085,19 reviews
1350,0,0,2,0,10,4.7,2115319,12 reviews
1351,2,4,4,2,17,4,2206480,29 reviews
1352,3,1,2,8,18,4.2,1920594,32 reviews
1353,5,15,9,16,53,4,1505163,98 reviews
1354,8,4,6,16,58,4.2,1627421,92 reviews
1355,5,4,0,3,9,3.3,2097483,21 reviews
1356,1,0,1,0,4,4,2225753,6 reviews
1357,13,11,23,31,36,3.6,1781475,114 reviews
1358,20,25,24,70,228,4.3,1009109,367 reviews
1359,11,14,3,15,44,3.8,1911072,87 reviews
1360,0,1,0,3,4,4.3,1977537,8 reviews
1361,58,29,42,54,166,3.7,2041598,349 reviews
1362,1,0,0,1,1,3.3,2152601,3 reviews
1363,0,0,0,2,8,4.8,1687003,10 reviews
1364,13,7,27,55,256,4.5,1323153,358 reviews
1365,18,16,19,44,230,4.4,1639855,327 reviews
1366,21,13,25,57,244,4.4,1289693,360 reviews
1367,1,2,3,0,7,3.8,1875038,13 reviews
1368,68,46,83,240,"1,870",4.6,1236843,"2,307 reviews"
1369,70,64,83,255,932,4.4,1098821,"1,404 reviews"
1370,127,157,216,677,"2,994",4.5,1073063,"4,171 reviews"
1371,302,204,290,558,"1,075",3.8,1229384,"2,429 reviews"
1372,10,8,20,23,112,4.3,1941277,173 reviews
1373,25,16,18,63,314,4.4,1310572,436 reviews
1374,46,71,90,152,316,3.9,1451418,675 reviews
1375,68,62,103,196,839,4.3,1704436,"1,268 reviews"
1376,17,25,28,55,169,4.1,1622075,294 reviews
1377,13,14,8,13,25,3.3,1873330,73 reviews
1378,16,10,11,19,71,3.9,1899475,127 reviews
1379,3,1,5,11,19,4.1,1978386,39 reviews
1380,18,11,8,25,89,4,1575265,151 reviews
1381,0,1,1,1,0,3,2257285,3 reviews
1382,461,604,877,"2,183","6,941",4.3,2172310,"11,066 reviews"
1383,62,92,118,230,819,4.3,1925577,"1,321 reviews"
1384,98,104,148,342,"1,460",4.4,2223089,"2,152 reviews"
1385,63,112,156,298,729,4.1,1925841,"1,358 reviews"
1386,261,173,126,149,341,3.1,2094548,"1,050 reviews"
1387,111,145,133,213,665,3.9,2173367,"1,267 reviews"
1388,111,119,165,357,984,4.1,2037596,"1,736 reviews"
1389,56,71,111,308,"1,207",4.4,1900315,"1,753 reviews"
1390,25,16,28,93,331,4.4,2137834,493 reviews
1391,2,2,0,2,15,4.2,2247450,21 reviews
1392,191,206,303,"1,055","3,000",4.4,1247204,"4,755 reviews"
1393,163,206,350,770,"2,686",4.3,2209344,"4,175 reviews"
1394,190,214,357,"1,117","2,634",4.3,1810787,"4,512 reviews"
1395,33,36,90,382,"1,060",4.5,2044477,"1,601 reviews"
1396,17,34,52,173,348,4.3,2246841,624 reviews
1397,31,29,30,73,271,4.2,1833532,434 reviews
1398,158,216,323,678,"1,152",4,1686211,"2,527 reviews"
1399,55,61,89,317,811,4.3,1317650,"1,333 reviews"
1400,10,1,4,6,10,3.2,2252179,31 reviews
1401,53,52,66,69,305,4,2113934,545 reviews
1402,14,18,27,56,209,4.3,2103596,324 reviews
1403,13,41,188,777,"1,026",4.4,2040871,"2,045 reviews"
1404,127,85,101,246,843,4.1,2199370,"1,402 reviews"
1405,44,64,80,180,457,4.1,1727338,825 reviews
1406,49,47,41,82,305,4,1697440,524 reviews
1407,135,132,213,373,618,3.8,1779099,"1,471 reviews"
1408,241,316,443,"1,150","2,654",4.2,2086866,"4,804 reviews"
1409,85,107,161,482,"1,181",4.3,870519,"2,016 reviews"
1410,104,121,151,395,755,4,1345206,"1,526 reviews"
1411,6,27,25,64,175,4.3,2228443,297 reviews
1412,127,157,216,677,"2,994",4.5,1073063,"4,171 reviews"
1413,39,30,61,90,198,3.9,2118115,418 reviews
1414,53,43,50,49,141,3.5,2037778,336 reviews
1415,122,137,133,387,996,4.1,1307388,"1,775 reviews"
1416,58,70,67,117,224,3.7,1317775,536 reviews
1417,15,6,35,196,393,4.5,2176444,645 reviews
1418,4,5,5,5,39,4.2,1897123,58 reviews
1419,159,149,174,268,524,3.7,1833888,"1,274 reviews"
1420,29,25,52,127,338,4.3,1626969,571 reviews
1421,154,150,184,420,840,3.9,2086809,"1,748 reviews"
1422,10,12,15,68,189,4.4,2102135,294 reviews
1423,34,51,63,121,288,4,1887447,557 reviews
1424,34,45,79,194,548,4.3,2194009,900 reviews
1425,35,49,80,213,323,4.1,472597,700 reviews
1426,1,3,3,5,13,4,2034775,25 reviews
1427,5,18,43,137,123,4.1,2196871,326 reviews
1428,24,53,145,481,618,4.2,2169860,"1,321 reviews"
1429,41,40,45,85,242,4,1885631,453 reviews
1430,25,34,22,48,98,3.7,1968981,227 reviews
1431,46,71,90,152,316,3.9,1451418,675 reviews
1432,20,21,29,38,141,4,1840461,249 reviews
1433,25,19,20,19,82,3.7,1732296,165 reviews
1434,12,15,17,47,94,4.1,1948207,185 reviews
1435,34,36,22,33,94,3.5,1971928,219 reviews
1436,1,4,1,15,43,4.5,1425727,64 reviews
1437,8,3,8,21,42,4,1835503,82 reviews
1438,18,29,42,119,239,4.2,685891,447 reviews
1439,3,1,5,11,19,4.1,1978386,39 reviews
1440,18,11,11,27,66,3.8,1648518,133 reviews
1441,5,5,6,29,61,4.3,2139632,106 reviews
1442,7,12,7,12,39,3.8,2071819,77 reviews
1443,72,72,85,169,189,3.6,1192889,587 reviews
1444,4,2,0,12,18,4.1,2139574,36 reviews
1445,19,19,26,27,87,3.8,2211977,178 reviews
1446,21,9,17,68,98,4,2119758,213 reviews
1447,1,0,1,0,4,4,2142131,6 reviews
1448,1,6,3,9,31,4.3,1975184,50 reviews
1449,3,0,1,2,9,3.9,2194090,15 reviews
1450,9,13,15,30,84,4.1,1956796,151 reviews
1451,304,313,481,"1,175","2,646",4.1,2086783,"4,919 reviews"
1452,4,3,4,11,40,4.3,2071280,62 reviews
1453,6,3,2,5,43,4.3,1726405,59 reviews
1454,30,20,17,42,107,3.8,2086833,216 reviews
1455,1,1,3,4,11,4.2,1673441,20 reviews
1456,5,6,9,11,35,4,1776236,66 reviews
1457,3,6,7,10,34,4.1,469254,60 reviews
1458,34,43,79,158,416,4.2,1341098,730 reviews
1459,0,3,6,5,8,3.8,1862515,22 reviews
1460,5,6,4,8,10,3.4,1751916,33 reviews
1461,11,14,11,24,69,4,1732221,129 reviews
1462,3,1,4,3,4,3.3,2213866,15 reviews
1463,1,0,0,0,2,3.7,1975119,3 reviews
1464,4,2,1,6,22,4.1,1901479,35 reviews
1465,1,0,2,1,5,4,1950500,9 reviews
1466,2,0,0,0,2,3,1926542,4 reviews
1467,59,32,41,94,538,4.3,1908458,764 reviews
1468,89,55,49,103,387,3.9,1823657,683 reviews
1469,30,8,12,33,91,3.8,1927714,174 reviews
1470,67,32,54,170,586,4.3,1262575,909 reviews
1471,9,8,9,14,41,3.9,2152114,81 reviews
1472,41,16,16,62,253,4.2,1633106,388 reviews
1473,25,17,17,35,64,3.6,1886027,158 reviews
1474,3,1,1,0,12,4,2207215,17 reviews
1475,1,2,0,0,8,4.1,2073518,11 reviews
1476,0,0,0,0,2,5,2264323,2 reviews
1477,26,32,24,30,42,3.2,2225845,154 reviews
1478,28,32,86,289,"1,337",4.6,1890615,"1,772 reviews"
1479,9,16,23,25,49,3.7,2144632,122 reviews
1480,0,0,0,0,1,5,2031730,1 review
1481,1,1,0,2,7,4.2,2143477,11 reviews
1482,0,2,2,4,9,4.2,1707504,17 reviews
1483,4,15,12,47,136,4.4,1953835,214 reviews
1484,8,6,27,77,279,4.5,1849686,397 reviews
1485,9,5,20,70,102,4.2,1849439,206 reviews
1486,24,28,100,345,599,4.3,1664267,"1,096 reviews"
1487,6,3,21,18,93,4.3,2244564,141 reviews
1488,10,7,13,43,73,4.1,2129922,146 reviews
1489,726,710,"1,093","2,989","9,003",4.3,1890623,"14,521 reviews"
1490,136,158,337,"1,044","3,380",4.5,1900083,"5,055 reviews"
1491,31,35,59,68,380,4.3,2012748,573 reviews
1492,455,359,558,"1,969","5,950",4.4,1296060,"9,291 reviews"
1493,0,1,0,3,9,4.5,2245835,13 reviews
1494,15,26,34,120,342,4.4,1858042,537 reviews
1495,10,16,32,44,172,4.3,1853548,274 reviews
1496,22,32,44,102,325,4.3,2116879,525 reviews
1497,7,5,5,11,65,4.3,1750165,93 reviews
1498,52,63,113,283,"1,146",4.5,2178283,"1,657 reviews"
1499,179,246,367,823,"2,646",4.3,2173714,"4,261 reviews"
1500,37,38,65,91,318,4.1,2148690,549 reviews
1501,44,36,134,379,589,4.2,2198620,"1,182 reviews"
1502,44,37,64,188,865,4.5,1965524,"1,198 reviews"
1503,49,68,154,928,"2,881",4.6,2026664,"4,080 reviews"
1504,136,158,337,"1,044","3,380",4.5,1807791,"5,055 reviews"
1505,7,15,25,31,315,4.6,2187953,393 reviews
1506,87,95,157,339,"1,441",4.4,2156487,"2,119 reviews"
1507,23,38,123,379,590,4.3,2067544,"1,153 reviews"
1508,1,2,13,79,248,4.7,2104354,343 reviews
1509,6,2,3,16,50,4.3,2149193,77 reviews
1510,11,13,11,36,154,4.4,1797539,225 reviews
1511,81,135,212,565,"1,684",4.4,1888759,"2,677 reviews"
1512,70,106,204,"1,008","4,010",4.6,1906544,"5,398 reviews"
1513,9,4,13,26,148,4.5,1987171,200 reviews
1514,0,0,0,0,1,5,2273373,1 review
1515,24,20,35,77,145,4,1764406,301 reviews
1516,139,133,195,418,"1,324",4.2,2001576,"2,209 reviews"
1517,382,398,434,877,"1,798",3.9,2036408,"3,889 reviews"
1518,45,54,136,665,"2,010",4.6,1778794,"2,910 reviews"
1519,27,49,59,125,519,4.4,2121234,779 reviews
1520,2,3,9,4,13,3.7,2244606,31 reviews
1521,20,32,42,113,315,4.3,2062446,522 reviews
1522,85,90,157,477,"1,724",4.4,1827633,"2,533 reviews"
1523,7,12,14,108,354,4.6,2184745,495 reviews
1524,29,36,59,155,706,4.5,1905603,985 reviews
1525,50,96,167,565,"1,665",4.5,2148385,"2,543 reviews"
1526,42,62,151,560,"1,062",4.4,1963495,"1,877 reviews"
1527,24,39,63,169,"1,017",4.6,2036044,"1,312 reviews"
1528,171,157,269,518,856,3.9,1738913,"1,971 reviews"
1529,2,0,3,7,46,4.6,2203511,58 reviews
1530,193,202,267,741,"2,059",4.2,2101103,"3,462 reviews"
1531,4,2,9,12,37,4.2,2209062,64 reviews
1532,25,30,53,100,390,4.3,2108157,598 reviews
1533,83,112,257,902,"1,719",4.3,1888312,"3,073 reviews"
1534,32,37,51,157,487,4.3,1962695,764 reviews
1535,57,63,110,203,412,4,2115343,845 reviews
1536,113,126,173,419,"1,583",4.3,2029023,"2,414 reviews"
1537,93,133,260,696,"2,219",4.4,1719251,"3,401 reviews"
1538,2,3,8,15,50,4.4,2116739,78 reviews
1539,8,11,46,210,452,4.5,1963941,727 reviews
1540,23,19,36,160,525,4.5,1450121,763 reviews
1541,0,0,0,1,13,4.9,2119105,14 reviews
1542,17,19,17,24,56,3.6,2226736,133 reviews
1543,34,48,88,260,"1,522",4.6,1637685,"1,952 reviews"
1544,17,20,24,105,455,4.5,1589233,621 reviews
1545,3,6,8,20,109,4.5,2107464,146 reviews
1546,8,5,14,30,119,4.4,1921204,176 reviews
1547,154,134,161,420,"1,429",4.2,1395243,"2,298 reviews"
1548,2,8,12,28,74,4.3,2197663,124 reviews
1549,11,20,54,192,425,4.4,2182855,702 reviews
1550,7,8,8,8,55,4.1,2116895,86 reviews
1551,66,48,30,57,148,3.5,1940022,349 reviews
1552,4,14,24,30,161,4.4,2005759,233 reviews
1553,0,2,5,8,58,4.7,2198984,73 reviews
1554,6,5,7,14,82,4.4,2226173,114 reviews
1555,32,36,139,634,"1,293",4.5,1855402,"2,134 reviews"
1556,14,12,23,37,167,4.3,1919729,253 reviews
1557,186,141,203,534,"1,472",4.2,1789403,"2,536 reviews"
1558,1,1,1,8,17,4.4,1967595,28 reviews
1559,7,12,14,108,354,4.6,2183622,495 reviews
1560,5,9,14,26,61,4.1,2066207,115 reviews
1561,9,16,23,25,49,3.7,2144632,122 reviews
1562,14,20,24,61,201,4.3,2068336,320 reviews
1563,25,54,93,318,802,4.4,1478585,"1,292 reviews"
1564,3,0,3,13,56,4.6,2104727,75 reviews
1565,11,12,18,35,104,4.2,2028223,180 reviews
1566,3,13,4,37,152,4.5,1743509,209 reviews
1567,25,15,11,31,100,3.9,1805563,182 reviews
1568,1,3,4,3,6,3.6,2053379,17 reviews
1569,36,67,84,234,673,4.3,1845577,"1,094 reviews"
1570,12,11,16,25,78,4,2197705,142 reviews
1571,8,17,24,109,189,4.3,1875467,347 reviews
1572,37,38,75,405,"1,236",4.5,1850619,"1,791 reviews"
1573,13,10,6,13,55,3.9,2126068,97 reviews
1574,137,142,224,539,966,4,1389048,"2,008 reviews"
1575,0,0,0,0,3,5,2246213,3 reviews
1576,1,0,1,3,9,4.4,2225548,14 reviews
1577,12,14,24,95,267,4.4,1865419,412 reviews
1578,0,1,22,106,233,4.6,2232320,362 reviews
1579,2,1,5,8,52,4.6,1920420,68 reviews
1580,136,124,125,264,552,3.8,1884022,"1,201 reviews"
1581,25,45,82,315,730,4.4,302190,"1,197 reviews"
1582,18,13,25,35,104,4,2091593,195 reviews
1583,22,7,15,36,104,4,2040640,184 reviews
1584,10,11,9,18,53,3.9,2218022,101 reviews
1585,36,30,37,87,236,4.1,2055549,426 reviews
1586,8,7,40,253,628,4.6,1892835,936 reviews
1587,5,3,7,14,48,4.3,2139491,77 reviews
1588,1,0,5,11,46,4.6,2197903,63 reviews
1589,36,57,119,282,865,4.4,1783380,"1,359 reviews"
1590,26,28,28,51,163,4,2114296,296 reviews
1591,3,4,15,35,197,4.6,1989979,254 reviews
1592,11,10,20,67,162,4.3,2038560,270 reviews
1593,12,15,12,29,147,4.3,2064293,215 reviews
1594,5,6,30,117,216,4.4,1960541,374 reviews
1595,2,3,2,8,73,4.7,2088573,88 reviews
1596,0,0,2,1,13,4.7,2130649,16 reviews
1597,7,8,21,56,235,4.5,1972157,327 reviews
1598,14,16,30,75,202,4.3,1651546,337 reviews
1599,2,6,12,17,64,4.3,1797562,101 reviews
1600,49,21,26,40,109,3.6,2036515,245 reviews
1601,2,4,4,25,64,4.5,2225894,99 reviews
1602,0,0,0,3,28,4.9,2197630,31 reviews
1603,14,32,48,76,207,4.1,2212025,377 reviews
1604,354,369,367,529,"1,015",3.6,1851476,"2,634 reviews"
1605,2,3,2,15,54,4.5,2144616,76 reviews
1606,5,12,17,42,139,4.4,1846450,215 reviews
1607,12,15,30,61,275,4.5,1911817,393 reviews
1608,23,44,47,149,357,4.2,2058469,620 reviews
1609,2,1,1,3,24,4.5,2050060,31 reviews
1610,12,2,5,10,21,3.5,2237758,50 reviews
1611,12,6,20,25,65,4,2151348,128 reviews
1612,17,22,49,151,328,4.3,1483296,567 reviews
1613,14,20,40,100,318,4.4,1287580,492 reviews
1614,4,5,9,5,23,3.8,2239226,46 reviews
1615,16,21,66,319,715,4.5,2029254,"1,137 reviews"
1616,23,14,23,88,256,4.3,1958917,404 reviews
1617,3,2,5,17,71,4.5,2074789,98 reviews
1618,7,6,12,54,176,4.5,1780857,255 reviews
1619,3,1,1,2,23,4.4,2229250,30 reviews
1620,28,31,26,59,118,3.8,1812965,262 reviews
1621,3,3,8,6,49,4.4,2176667,69 reviews
1622,1,2,5,9,35,4.4,2202232,52 reviews
1623,45,54,136,665,"2,010",4.6,1829696,"2,910 reviews"
1624,13,16,25,68,131,4.1,1674787,253 reviews
1625,1,0,0,2,5,4.3,2104966,8 reviews
1626,0,0,0,4,21,4.8,2185577,25 reviews
1627,43,28,41,88,380,4.3,2009512,580 reviews
1628,41,45,62,159,570,4.3,2026847,877 reviews
1629,7,9,11,43,121,4.4,1783794,191 reviews
1630,2,1,2,7,17,4.2,2216489,29 reviews
1631,0,2,5,6,19,4.3,2169324,32 reviews
1632,8,6,6,3,25,3.6,2022382,48 reviews
1633,1,5,5,10,18,4,2117083,39 reviews
1634,10,21,34,70,232,4.3,1818277,367 reviews
1635,6,3,6,6,14,3.5,2171700,35 reviews
1636,3,4,4,3,26,4.1,2228930,40 reviews
1637,0,0,0,4,30,4.9,2177210,34 reviews
1638,1,1,4,4,22,4.4,1978253,32 reviews
1639,0,3,3,2,14,4.2,2159135,22 reviews
1640,1,1,5,7,26,4.4,1964246,40 reviews
1641,2,2,0,3,17,4.3,1750066,24 reviews
1642,14,11,18,17,75,3.9,2063766,135 reviews
1643,7,6,4,11,40,4,2143873,68 reviews
1644,2,4,4,9,14,3.9,1813757,33 reviews
1645,0,1,1,6,14,4.5,2182558,22 reviews
1646,1,1,5,26,115,4.7,2136166,148 reviews
1647,1,0,0,5,20,4.7,2228773,26 reviews
1648,1,0,1,1,7,4.3,2197234,10 reviews
1649,0,1,8,6,16,4.2,2234235,31 reviews
1650,1,1,1,2,16,4.5,2069466,21 reviews
1651,2,3,2,3,8,3.7,2217271,18 reviews
1652,9,9,7,29,106,4.3,1968577,160 reviews
1653,6,9,8,10,14,3.4,1965128,47 reviews
1654,2,0,3,13,30,4.4,2178432,48 reviews
1655,1,0,2,4,17,4.5,1779875,24 reviews
1656,0,0,1,1,5,4.6,2233781,7 reviews
1657,1,0,0,4,14,4.6,2115384,19 reviews
1658,6,11,16,41,65,4.1,1648328,139 reviews
1659,1,4,5,15,32,4.3,2094290,57 reviews
1660,17,12,10,6,60,3.8,2065258,105 reviews
1661,23,38,45,98,287,4.2,1881432,491 reviews
1662,17,8,15,16,34,3.5,1993963,90 reviews
1663,0,1,0,1,1,3.7,2200053,3 reviews
1664,27,53,88,198,348,4.1,1899533,714 reviews
1665,1,2,4,8,15,4.1,2083418,30 reviews
1666,35,39,38,83,143,3.8,1897354,338 reviews
1667,5,3,2,7,48,4.4,2088060,65 reviews
1668,173,155,131,259,520,3.6,1439397,"1,238 reviews"
1669,19,43,168,628,"1,252",4.4,1972611,"2,110 reviews"
1670,28,22,33,63,107,3.8,1540590,253 reviews
1671,8,8,12,19,66,4.1,2064855,113 reviews
1672,6,3,9,9,21,3.8,2068203,48 reviews
1673,2,5,4,14,50,4.4,2156875,75 reviews
1674,6,8,5,28,60,4.2,1814037,107 reviews
1675,6,9,52,223,419,4.5,2136042,709 reviews
1676,4,3,8,15,7,3.5,1879733,37 reviews
1677,24,31,42,81,293,4.2,1740091,471 reviews
1678,34,30,33,23,81,3.4,2028272,201 reviews
1679,1,6,6,11,33,4.2,1673144,57 reviews
1680,33,26,38,59,99,3.6,1613116,255 reviews
1681,5,1,1,1,0,1.8,2219996,8 reviews
1682,1,5,5,15,54,4.4,1860055,80 reviews
1683,0,2,6,6,40,4.6,1901339,54 reviews
1684,0,3,3,5,25,4.4,1902527,36 reviews
1685,0,0,0,0,7,5,2225647,7 reviews
1686,4,4,5,8,21,3.9,2101129,42 reviews
1687,2,9,6,12,70,4.4,1618248,99 reviews
1688,13,23,19,29,81,3.9,1677459,165 reviews
1689,8,2,2,2,10,3.2,2184109,24 reviews
1690,0,0,2,10,37,4.7,2111177,49 reviews
1691,0,0,1,1,7,4.7,2158186,9 reviews
1692,3,1,1,3,7,3.7,2121085,15 reviews
1693,6,14,55,253,247,4.3,2068096,575 reviews
1694,0,2,1,4,19,4.5,1821693,26 reviews
1695,38,42,60,196,341,4.1,1904192,677 reviews
1696,8,6,7,11,22,3.6,2084325,54 reviews
1697,2,0,0,0,9,4.3,2017358,11 reviews
1698,2,4,10,7,28,4.1,2061190,51 reviews
1699,5,10,14,6,22,3.5,1966183,57 reviews
1700,2,1,2,5,5,3.7,1908631,15 reviews
1701,198,143,117,180,370,3.4,1899699,"1,008 reviews"
1702,0,0,4,1,10,4.4,2131936,15 reviews
1703,2,3,5,11,34,4.3,1783786,55 reviews
1704,1,1,0,3,5,4,2071215,10 reviews
1705,3,6,4,5,6,3.2,2125169,24 reviews
1706,1,0,0,1,14,4.7,2132769,16 reviews
1707,1,0,0,0,2,3.7,2198943,3 reviews
1708,163,120,104,139,244,3.2,1958776,770 reviews
1709,3,0,0,0,3,3,2110633,6 reviews
1710,1,4,1,3,20,4.3,1945336,29 reviews
1711,4,1,3,6,9,3.7,1935857,23 reviews
1712,11,10,17,67,117,4.2,2032258,222 reviews
1713,0,1,0,0,5,4.5,2131258,6 reviews
1714,2,1,5,5,8,3.8,2179208,21 reviews
1715,0,0,1,0,2,4.3,2185486,3 reviews
1716,4,8,8,19,18,3.7,1860212,57 reviews
1717,1,0,1,0,2,3.5,2158152,4 reviews
1718,0,0,1,3,15,4.7,1970805,19 reviews
1719,18,13,17,21,45,3.5,2031656,114 reviews
1720,0,1,0,2,12,4.7,2072874,15 reviews
1721,0,0,0,1,1,4.5,2185494,2 reviews
1722,8,5,7,3,9,3,2120053,32 reviews
1723,1,0,2,1,11,4.4,1967280,15 reviews
1724,1,1,2,1,3,3.5,1753243,8 reviews
1725,1,0,4,7,17,4.3,1950542,29 reviews
1726,1,4,4,7,10,3.8,1950146,26 reviews
1727,8,5,8,15,75,4.3,2026839,111 reviews
1728,0,0,0,1,8,4.9,1938448,9 reviews
1729,0,1,0,1,0,3,2185460,2 reviews
1730,1,2,5,3,26,4.4,1752997,37 reviews
1731,1,1,1,4,12,4.3,1965334,19 reviews
1732,0,0,2,3,5,4.3,2187235,10 reviews
1733,1,0,1,6,8,4.3,1967371,16 reviews
1734,1,0,1,0,8,4.4,2202315,10 reviews
1735,6,5,9,12,74,4.3,1599109,106 reviews
1736,3,5,5,13,27,4.1,1553890,53 reviews
1737,2,4,4,13,12,3.8,1972322,35 reviews
1738,1,0,0,2,5,4.3,2104966,8 reviews
1739,3,5,1,1,4,2.9,2157634,14 reviews
1740,0,1,1,1,2,3.8,1850254,5 reviews
1741,2,3,3,7,9,3.8,2078509,24 reviews
1742,1,0,3,2,7,4.1,1956010,13 reviews
1743,0,4,1,3,12,4.2,1830314,20 reviews
1744,7,1,8,17,40,4.1,1733575,73 reviews
1745,3,0,5,6,16,4.1,1986330,30 reviews
1746,1,1,2,5,7,4,1913920,16 reviews
1747,41,43,52,106,156,3.7,1777663,398 reviews
1748,29,18,30,47,81,3.6,1674191,205 reviews
1749,1,1,0,1,1,3,2068690,4 reviews
1750,114,158,405,"1,018","7,263",4.7,2156578,"8,958 reviews"
1751,155,229,517,"2,058","9,034",4.6,980995,"11,993 reviews"
1752,36,66,115,402,"2,082",4.6,1668995,"2,701 reviews"
1753,7,15,25,31,315,4.6,2187953,393 reviews
1754,58,70,125,254,897,4.3,2171668,"1,404 reviews"
1755,26,55,76,190,582,4.3,1596402,929 reviews
1756,87,95,219,756,"2,036",4.4,1991231,"3,193 reviews"
1757,33,41,52,144,758,4.5,1961655,"1,028 reviews"
1758,4,8,9,26,209,4.7,2180743,256 reviews
1759,56,40,71,272,"1,054",4.5,2093565,"1,493 reviews"
1760,5,6,12,15,82,4.4,2047207,120 reviews
1761,12,13,23,34,137,4.2,2242840,219 reviews
1762,34,35,58,197,430,4.3,2003002,754 reviews
1763,154,134,161,420,"1,429",4.2,1395243,"2,298 reviews"
1764,12,13,23,34,137,4.2,2165207,219 reviews
1765,3,1,8,6,92,4.7,2221315,110 reviews
1766,6,5,7,14,82,4.4,2226173,114 reviews
1767,0,0,0,0,7,5,2222800,7 reviews
1768,100,119,212,355,478,3.8,1900554,"1,264 reviews"
1769,14,20,24,61,201,4.3,2068336,320 reviews
1770,22,45,157,622,"1,299",4.5,2078020,"2,145 reviews"
1771,16,29,59,209,815,4.6,1821446,"1,128 reviews"
1772,22,7,15,36,104,4,2040640,184 reviews
1773,36,30,37,87,236,4.1,2055549,426 reviews
1774,2,9,7,11,14,3.6,2116457,43 reviews
1775,20,26,39,62,411,4.5,1918713,558 reviews
1776,3,4,15,35,197,4.6,1989979,254 reviews
1777,4,1,1,4,27,4.3,2217032,37 reviews
1778,117,89,161,288,413,3.7,1493998,"1,068 reviews"
1779,6,3,6,19,82,4.4,2085736,116 reviews
1780,23,44,47,149,357,4.2,2058469,620 reviews
1781,2,1,1,3,24,4.5,2050060,31 reviews
1782,9,4,15,42,80,4.2,2185866,150 reviews
1783,23,14,23,88,256,4.3,1958917,404 reviews
1784,12,20,47,108,377,4.5,902205,564 reviews
1785,73,62,47,82,157,3.4,1688621,421 reviews
1786,7,14,26,51,133,4.3,1845692,231 reviews
1787,17,22,29,47,121,4,1352533,236 reviews
1788,3,10,7,8,15,3.5,2252237,43 reviews
1789,41,45,62,159,570,4.3,2026847,877 reviews
1790,10,27,41,91,254,4.3,2094357,423 reviews
1791,5,3,3,16,18,3.9,1675164,45 reviews
1792,1,1,2,1,21,4.5,2204063,26 reviews
1793,4,2,23,115,251,4.5,2172096,395 reviews
1794,34,43,92,338,"1,193",4.5,1151026,"1,700 reviews"
1795,2,5,6,14,64,4.5,2023471,91 reviews
1796,29,30,40,95,301,4.2,1873355,495 reviews
1797,8,4,4,20,36,4,1935576,72 reviews
1798,11,9,5,19,40,3.8,2122703,84 reviews
1799,14,11,18,17,75,3.9,2063766,135 reviews
1800,4,9,10,19,50,4.1,2170033,92 reviews
1801,13,4,11,40,91,4.2,1482538,159 reviews
1802,1,3,1,4,30,4.5,2230498,39 reviews
1803,0,3,5,14,135,4.8,2067841,157 reviews
1804,1,6,7,8,42,4.3,2130169,64 reviews
1805,0,0,0,0,7,5,2222800,7 reviews
1806,5,3,2,7,48,4.4,2088060,65 reviews
1807,37,43,57,163,361,4.2,1894393,661 reviews
1808,6,5,9,11,31,3.9,2200624,62 reviews
1809,14,26,37,54,145,4.1,1787159,276 reviews
1810,0,2,6,5,45,4.6,2215762,58 reviews
1811,10,3,3,2,22,3.6,1842269,40 reviews
1812,1,0,2,2,22,4.6,2045698,27 reviews
1813,0,0,6,17,89,4.7,2061711,112 reviews
1814,0,3,3,5,25,4.4,1902527,36 reviews
1815,0,0,5,4,24,4.6,2144822,33 reviews
1816,1,1,0,3,9,4.3,2225613,14 reviews
1817,21,17,5,12,13,2.7,2191393,68 reviews
1818,13,10,28,79,313,4.5,1870161,443 reviews
1819,9,6,2,3,15,3.3,2195972,35 reviews
1820,6,3,7,7,26,3.9,2051258,49 reviews
1821,0,0,2,2,9,4.5,2217263,13 reviews
1822,2,4,10,7,28,4.1,2061190,51 reviews
1823,2,1,2,6,9,4,2045649,20 reviews
1824,0,1,2,1,17,4.6,2053114,21 reviews
1825,0,0,4,0,3,3.9,2058204,7 reviews
1826,1,1,1,3,19,4.5,1950070,25 reviews
1827,0,0,0,3,6,4.7,2111243,9 reviews
1828,3,3,3,4,17,4,1909928,30 reviews
1829,0,0,0,0,2,5,2186039,2 reviews
1830,1,1,2,11,33,4.5,2135853,48 reviews
1831,1,1,0,0,7,4.2,2207728,9 reviews
1832,7,2,7,18,38,4.1,2029908,72 reviews
1833,3,1,4,3,9,3.7,1662303,20 reviews
1834,1,0,1,3,4,4,2118180,9 reviews
1835,2,1,1,5,24,4.5,1963446,33 reviews
1836,0,1,2,0,1,3.3,2185981,4 reviews
1837,24,28,100,345,599,4.3,1664267,"1,096 reviews"
1838,726,710,"1,093","2,989","9,003",4.3,1890623,"14,521 reviews"
1839,455,359,558,"1,969","5,950",4.4,1296060,"9,291 reviews"
1840,15,26,34,120,342,4.4,1858042,537 reviews
1841,179,246,367,823,"2,646",4.3,2173714,"4,261 reviews"
1842,44,37,64,188,865,4.5,1965524,"1,198 reviews"
1843,23,38,123,379,590,4.3,2067544,"1,153 reviews"
1844,139,133,195,418,"1,324",4.2,2001576,"2,209 reviews"
1845,382,398,434,877,"1,798",3.9,2036408,"3,889 reviews"
1846,27,49,59,125,519,4.4,2121234,779 reviews
1847,42,62,151,560,"1,062",4.4,1963495,"1,877 reviews"
1848,193,202,267,741,"2,059",4.2,2101103,"3,462 reviews"
1849,57,63,110,203,412,4,2115343,845 reviews
1850,113,126,173,419,"1,583",4.3,2029023,"2,414 reviews"
1851,11,20,54,192,425,4.4,2182855,702 reviews
1852,66,48,30,57,148,3.5,1940022,349 reviews
1853,186,141,203,534,"1,472",4.2,1789403,"2,536 reviews"
1854,11,12,18,35,104,4.2,2028223,180 reviews
1855,25,15,11,31,100,3.9,1805563,182 reviews
1856,1,3,4,3,6,3.6,2053379,17 reviews
1857,36,67,84,234,673,4.3,1845577,"1,094 reviews"
1858,8,17,24,109,189,4.3,1875467,347 reviews
1859,136,124,125,264,552,3.8,1884022,"1,201 reviews"
1860,22,7,15,36,104,4,2040640,184 reviews
1861,10,11,9,18,53,3.9,2218022,101 reviews
1862,26,28,28,51,163,4,2114296,296 reviews
1863,11,10,20,67,162,4.3,2038560,270 reviews
1864,49,21,26,40,109,3.6,2036515,245 reviews
1865,354,369,367,529,"1,015",3.6,1851476,"2,634 reviews"
1866,12,15,30,61,275,4.5,1911817,393 reviews
1867,23,44,47,149,357,4.2,2058469,620 reviews
1868,3,1,0,3,8,3.8,2119907,15 reviews
1869,4,5,9,5,23,3.8,2239226,46 reviews
1870,23,14,23,88,256,4.3,1958917,404 reviews
1871,4,3,2,1,8,3.3,2074631,18 reviews
1872,43,28,41,88,380,4.3,2009512,580 reviews
1873,5,10,49,119,247,4.4,2139749,430 reviews
1874,41,45,62,159,570,4.3,2026847,877 reviews
1875,1,5,5,10,18,4,2117083,39 reviews
1876,3,4,4,3,26,4.1,2228930,40 reviews
1877,0,0,0,4,30,4.9,2177210,34 reviews
1878,14,11,18,17,75,3.9,2063766,135 reviews
1879,7,6,4,11,40,4,2143873,68 reviews
1880,9,9,7,29,106,4.3,1968577,160 reviews
1881,6,9,8,10,14,3.4,1965128,47 reviews
1882,0,0,1,1,5,4.6,2233781,7 reviews
1883,17,12,10,6,60,3.8,2065258,105 reviews
1884,23,38,45,98,287,4.2,1881432,491 reviews
1885,17,8,15,16,34,3.5,1993963,90 reviews
1886,27,53,88,198,348,4.1,1899533,714 reviews
1887,1,0,2,3,31,4.7,2191856,37 reviews
1888,5,3,2,7,48,4.4,2088060,65 reviews
1889,173,155,131,259,520,3.6,1439397,"1,238 reviews"
1890,19,43,168,628,"1,252",4.4,1972611,"2,110 reviews"
1891,8,8,12,19,66,4.1,2064855,113 reviews
1892,4,3,8,15,7,3.5,1879733,37 reviews
1893,0,0,0,0,7,5,2225647,7 reviews
1894,4,4,5,8,21,3.9,2101129,42 reviews
1895,13,23,19,29,81,3.9,1677459,165 reviews
1896,8,2,2,2,10,3.2,2184109,24 reviews
1897,6,14,55,253,247,4.3,2068096,575 reviews
1898,38,42,60,196,341,4.1,1904192,677 reviews
1899,2,1,2,5,5,3.7,1908631,15 reviews
1900,198,143,117,180,370,3.4,1899699,"1,008 reviews"
1901,0,0,4,1,10,4.4,2131936,15 reviews
1902,1,1,0,3,5,4,2071215,10 reviews
1903,163,120,104,139,244,3.2,1958776,770 reviews
1904,3,0,0,0,3,3,2110633,6 reviews
1905,4,1,3,6,9,3.7,1935857,23 reviews
1906,11,10,17,67,117,4.2,2032258,222 reviews
1907,4,8,8,19,18,3.7,1860212,57 reviews
1908,1,0,1,0,2,3.5,2158152,4 reviews
1909,8,5,7,3,9,3,2120053,32 reviews
1910,1,4,4,7,10,3.8,1950146,26 reviews
1911,1,0,1,6,8,4.3,1967371,16 reviews
1912,2,4,4,13,12,3.8,1972322,35 reviews
1913,3,5,1,1,4,2.9,2157634,14 reviews
1914,2,3,3,7,9,3.8,2078509,24 reviews
1915,29,18,30,47,81,3.6,1674191,205 reviews
1916,1,1,0,1,1,3,2068690,4 reviews
1917,233,233,357,818,"5,516",4.6,1966258,"7,157 reviews"
1918,157,230,359,856,"3,207",4.4,2123065,"4,809 reviews"
1919,262,352,507,"1,641","6,543",4.5,2258473,"9,305 reviews"
1920,25,55,95,275,"1,141",4.5,2210482,"1,591 reviews"
1921,51,76,126,251,757,4.3,1779271,"1,261 reviews"
1922,222,224,322,920,"3,997",4.5,1575042,"5,685 reviews"
1923,134,128,145,355,"1,664",4.4,1378215,"2,426 reviews"
1924,175,183,237,452,"1,440",4.1,1835339,"2,487 reviews"
1925,57,116,202,594,"1,411",4.3,1307859,"2,380 reviews"
1926,13,14,23,38,243,4.5,2225928,331 reviews
1927,29,41,70,112,321,4.1,2169415,573 reviews
1928,39,70,98,94,296,3.9,2063758,597 reviews
1929,34,35,58,197,430,4.3,2003002,754 reviews
1930,2,3,13,12,90,4.5,1780881,120 reviews
1931,1,3,6,9,30,4.3,2199974,49 reviews
1932,60,67,82,108,208,3.6,1959121,525 reviews
1933,14,12,23,37,167,4.3,1919729,253 reviews
1934,23,18,26,24,84,3.7,2123685,175 reviews
1935,3,2,3,2,11,3.8,2253839,21 reviews
1936,12,11,16,25,78,4,2197705,142 reviews
1937,0,3,4,6,22,4.3,2217560,35 reviews
1938,45,44,67,62,214,3.8,1842996,432 reviews
1939,13,10,6,13,55,3.9,2126068,97 reviews
1940,18,13,25,35,104,4,2091593,195 reviews
1941,33,27,35,56,182,4,1500826,333 reviews
1942,3,4,15,35,197,4.6,1989979,254 reviews
1943,14,32,48,76,207,4.1,2212025,377 reviews
1944,23,19,28,72,220,4.2,1923796,362 reviews
1945,17,22,49,151,328,4.3,1483296,567 reviews
1946,1,0,2,1,14,4.5,2217255,18 reviews
1947,94,81,132,349,"1,506",4.4,1267418,"2,162 reviews"
1948,8,17,16,20,99,4.2,1868223,160 reviews
1949,5,7,25,68,98,4.2,2179299,203 reviews
1950,0,2,0,4,8,4.3,2189033,14 reviews
1951,25,12,8,15,29,3.1,2041945,89 reviews
1952,91,78,65,177,328,3.8,1242510,739 reviews
1953,12,2,2,5,27,3.7,1958503,48 reviews
1954,1,2,1,10,48,4.6,2228856,62 reviews
1955,1,3,3,7,21,4.3,1745793,35 reviews
1956,69,86,170,705,"3,919",4.7,683490,"4,949 reviews"
1957,5,7,11,26,58,4.2,2139467,107 reviews
1958,1,0,1,1,7,4.3,2197234,10 reviews
1959,5,9,16,30,111,4.4,2169258,171 reviews
1960,8,9,10,15,23,3.6,2147585,65 reviews
1961,6,5,9,11,31,3.9,2200624,62 reviews
1962,0,0,1,0,6,4.7,2233484,7 reviews
1963,48,34,18,20,34,2.7,2122752,154 reviews
1964,0,2,6,6,40,4.6,1901339,54 reviews
1965,0,0,6,17,89,4.7,2061711,112 reviews
1966,5,10,14,15,59,4.1,1822758,103 reviews
1967,35,47,117,443,"1,637",4.6,683508,"2,279 reviews"
1968,1,0,1,2,3,3.9,1978956,7 reviews
1969,2,1,1,6,26,4.5,1950559,36 reviews
1970,0,5,7,4,12,3.8,2200657,28 reviews
1971,6,1,1,0,10,3.4,2051811,18 reviews
1972,34,41,101,349,"1,367",4.6,956359,"1,892 reviews"
1973,2,3,7,4,6,3.4,2079549,22 reviews
1974,1,3,0,2,4,3.5,2060762,10 reviews
1975,5,12,12,8,20,3.5,1971761,57 reviews
1976,0,0,2,0,2,4,2187243,4 reviews
1977,0,3,2,5,5,3.8,1958586,15 reviews
1978,1,0,0,1,2,3.8,2206589,4 reviews
1979,102,103,77,105,149,3.2,1392489,536 reviews
1980,2,0,1,2,5,3.8,2186070,10 reviews
1981,455,359,558,"1,969","5,950",4.4,1296060,"9,291 reviews"
1982,15,26,34,120,342,4.4,1858042,537 reviews
1983,4,7,3,4,7,3.1,2236545,25 reviews
1984,4,13,7,32,126,4.4,2207892,182 reviews
1985,27,49,59,125,519,4.4,2121234,779 reviews
1986,154,134,161,420,"1,429",4.2,1395243,"2,298 reviews"
1987,66,48,30,57,148,3.5,1940022,349 reviews
1988,7,8,16,28,126,4.4,2224087,185 reviews
1989,3,9,9,13,44,4.1,1902618,78 reviews
1990,4,2,2,4,6,3.3,2248300,18 reviews
1991,25,15,11,31,100,3.9,1805563,182 reviews
1992,122,150,266,719,"1,677",4.3,108779,"2,934 reviews"
1993,6,6,6,28,55,4.2,1766542,101 reviews
1994,28,31,26,59,118,3.8,1812965,262 reviews
1995,11,7,2,5,21,3.4,2197978,46 reviews
1996,5,10,49,119,247,4.4,2139749,430 reviews
1997,10,21,34,70,232,4.3,1818277,367 reviews
1998,9,14,4,12,24,3.4,2217198,63 reviews
1999,173,155,131,259,520,3.6,1439397,"1,238 reviews"
2000,8,6,7,11,22,3.6,2084325,54 reviews
2001,155,229,517,"2,058","9,034",4.6,980995,"11,993 reviews"
2002,36,66,115,402,"2,082",4.6,1668995,"2,701 reviews"
2003,58,70,125,254,897,4.3,2171668,"1,404 reviews"
2004,60,67,82,108,208,3.6,1959121,525 reviews
2005,100,119,212,355,478,3.8,1900554,"1,264 reviews"
2006,45,44,67,62,214,3.8,1842996,432 reviews
2007,0,1,22,106,233,4.6,2232320,362 reviews
2008,117,89,161,288,413,3.7,1493998,"1,068 reviews"
2009,49,21,26,40,109,3.6,2036515,245 reviews
2010,0,0,1,0,7,4.8,2232304,8 reviews
2011,3,10,7,8,15,3.5,2252237,43 reviews
2012,25,12,8,15,29,3.1,2041945,89 reviews
2013,0,0,0,4,30,4.9,2177210,34 reviews
2014,1,3,3,7,21,4.3,1745793,35 reviews
2015,1,0,0,5,20,4.7,2228773,26 reviews
2016,0,1,0,1,1,3.7,2200053,3 reviews
2017,6,9,11,17,32,3.8,2105575,75 reviews
2018,1,0,2,2,22,4.6,2045698,27 reviews
2019,11,11,8,13,55,3.9,1911338,98 reviews
2020,2,1,2,6,9,4,2045649,20 reviews
2021,1,3,0,2,4,3.5,2060762,10 reviews
2022,136,158,337,"1,044","3,380",4.5,1900083,"5,055 reviews"
2023,9,13,23,28,144,4.3,2116515,217 reviews
2024,28,22,58,336,"1,063",4.6,1914209,"1,507 reviews"
2025,35,31,50,123,477,4.4,1691278,716 reviews
2026,42,39,95,637,"1,380",4.5,1906296,"2,193 reviews"
2027,7,13,19,33,140,4.3,2072437,212 reviews
2028,64,74,113,408,"1,347",4.4,1005438,"2,006 reviews"
2029,17,18,32,195,642,4.6,2036069,904 reviews
2030,56,52,99,333,"1,022",4.4,1724921,"1,562 reviews"
2031,5,11,17,38,85,4.2,1864172,156 reviews
2032,22,26,46,150,247,4.2,1656032,491 reviews
2033,1,2,4,14,77,4.7,2005684,98 reviews
2034,9,16,23,25,49,3.7,2144632,122 reviews
2035,57,40,33,46,188,3.7,1833409,364 reviews
2036,1,2,3,4,33,4.5,1975275,43 reviews
2037,5,11,16,55,185,4.5,1903087,272 reviews
2038,5,3,7,14,48,4.3,2139491,77 reviews
2039,4,1,7,34,126,4.6,1948959,172 reviews
2040,7,6,12,54,176,4.5,1780857,255 reviews
2041,3,3,4,7,42,4.4,1542943,59 reviews
2042,14,7,19,44,172,4.4,71571,256 reviews
2043,1,0,1,0,3,3.8,2216539,5 reviews
2044,55,32,25,50,123,3.5,1635705,285 reviews
2045,0,0,0,0,5,5,2229482,5 reviews
2046,0,0,0,1,2,4.7,2127801,3 reviews
2047,6,11,16,41,65,4.1,1648328,139 reviews
2048,3,2,5,18,64,4.5,1553569,92 reviews
2049,3,1,3,9,16,4.1,1844273,32 reviews
2050,1,1,1,6,22,4.5,1067818,31 reviews
2051,0,1,3,6,9,4.2,1719129,19 reviews
2052,4,4,4,18,77,4.5,1918275,107 reviews
2053,0,0,1,2,10,4.7,2022390,13 reviews
2054,5,2,2,4,12,3.6,1895143,25 reviews
2055,102,36,46,43,89,2.9,1777366,316 reviews
2056,2,0,0,0,9,4.3,2017358,11 reviews
2057,6,3,2,3,8,3.2,2105088,22 reviews
2058,0,0,1,3,15,4.7,1970805,19 reviews
2059,0,1,0,1,7,4.6,1575646,9 reviews
2060,2,1,0,3,4,3.6,1910041,10 reviews
2061,4,4,4,18,77,4.5,1918226,107 reviews
2062,1,0,6,0,3,3.4,1750249,10 reviews
2063,0,0,1,1,2,4.3,1945195,4 reviews
2064,0,0,0,1,3,4.8,1967496,4 reviews
2065,1,4,7,5,56,4.5,1637313,73 reviews
2066,37,38,65,91,318,4.1,2148690,549 reviews
2067,136,158,337,"1,044","3,380",4.5,1807791,"5,055 reviews"
2068,2,0,3,7,46,4.6,2203511,58 reviews
2069,9,16,23,25,49,3.7,2144632,122 reviews
2070,2,3,2,15,54,4.5,2144616,76 reviews
2071,4,3,2,1,8,3.3,2074631,18 reviews
2072,0,2,5,3,9,4,2199065,19 reviews
2073,15,14,9,21,67,3.9,2036002,126 reviews
2074,43,28,41,88,380,4.3,2009512,580 reviews
2075,12,2,2,5,27,3.7,1958503,48 reviews
2076,1,1,1,2,16,4.5,2069466,21 reviews
2077,0,3,5,14,135,4.8,2067841,157 reviews
2078,1,4,5,15,32,4.3,2094290,57 reviews
2079,23,38,45,98,287,4.2,1881432,491 reviews
2080,6,3,9,9,21,3.8,2068203,48 reviews
2081,0,0,5,4,24,4.6,2144822,33 reviews
2082,4,4,5,8,21,3.9,2101129,42 reviews
2083,0,0,1,1,7,4.7,2158186,9 reviews
2084,3,6,4,5,6,3.2,2125169,24 reviews
2085,4,1,3,6,9,3.7,1935857,23 reviews
2086,1,0,3,2,7,4.1,1956010,13 reviews
2087,1,1,2,5,7,4,1913920,16 reviews
2088,1,1,0,1,1,3,2068690,4 reviews
2089,195,341,702,"2,513","13,709",4.7,248930,"17,460 reviews"
2090,114,106,226,915,"4,391",4.6,1851435,"5,752 reviews"
2091,37,62,100,273,"1,332",4.6,1581321,"1,804 reviews"
2092,81,135,212,565,"1,684",4.4,1888759,"2,677 reviews"
2093,44,91,177,497,"1,736",4.5,832642,"2,545 reviews"
2094,25,35,52,112,437,4.4,1943331,661 reviews
2095,20,32,42,113,315,4.3,2062446,522 reviews
2096,0,4,8,11,52,4.5,2110187,75 reviews
2097,8,7,17,17,95,4.3,2182574,144 reviews
2098,0,0,1,3,22,4.8,2225605,26 reviews
2099,7,7,12,55,182,4.5,2174993,263 reviews
2100,2,13,23,132,477,4.7,2224954,647 reviews
2101,1,1,2,8,64,4.8,2201226,76 reviews
2102,63,77,148,605,"2,468",4.6,1164771,"3,361 reviews"
2103,63,117,194,432,955,4.2,1475540,"1,761 reviews"
2104,1,3,6,9,30,4.3,2199974,49 reviews
2105,2,8,12,28,74,4.3,2197663,124 reviews
2106,23,42,69,181,686,4.5,1925775,"1,001 reviews"
2107,32,36,139,634,"1,293",4.5,1855402,"2,134 reviews"
2108,9,9,12,58,195,4.5,1636828,283 reviews
2109,0,0,0,0,3,5,2250173,3 reviews
2110,3,9,9,13,44,4.1,1902618,78 reviews
2111,2,4,5,14,56,4.5,2228732,81 reviews
2112,2,1,6,14,48,4.5,2193712,71 reviews
2113,3,4,9,6,14,3.7,2116390,36 reviews
2114,17,56,80,357,"1,346",4.6,749143,"1,856 reviews"
2115,42,61,124,365,"1,275",4.5,650226,"1,867 reviews"
2116,22,22,50,123,419,4.4,1289511,636 reviews
2117,0,0,0,0,11,5,2209146,11 reviews
2118,80,72,147,452,"1,029",4.3,1636737,"1,780 reviews"
2119,31,20,56,151,668,4.5,1859735,926 reviews
2120,8,13,28,149,478,4.6,1972793,676 reviews
2121,1,2,8,14,56,4.5,2189850,81 reviews
2122,122,150,266,719,"1,677",4.3,108779,"2,934 reviews"
2123,7,18,38,332,"1,095",4.7,1775451,"1,490 reviews"
2124,25,45,82,315,730,4.4,302190,"1,197 reviews"
2125,3,0,7,16,85,4.6,2040749,111 reviews
2126,0,4,6,18,49,4.5,2217107,77 reviews
2127,3,10,8,19,48,4.1,1813906,88 reviews
2128,2,4,5,9,120,4.7,2177160,140 reviews
2129,3,3,24,55,273,4.7,1942051,358 reviews
2130,10,10,20,57,288,4.6,1291145,385 reviews
2131,2,9,7,38,87,4.4,1630698,143 reviews
2132,16,13,13,19,69,3.9,1364785,130 reviews
2133,2,2,4,13,133,4.8,2252138,154 reviews
2134,12,2,5,10,21,3.5,2237758,50 reviews
2135,6,6,6,28,55,4.2,1766542,101 reviews
2136,11,8,15,36,100,4.2,1912138,170 reviews
2137,0,0,1,3,22,4.8,2225605,26 reviews
2138,4,4,15,30,83,4.4,1922483,136 reviews
2139,3,5,11,36,191,4.7,135897,246 reviews
2140,0,3,2,3,24,4.5,1990464,32 reviews
2141,3,6,10,14,46,4.2,1935501,79 reviews
2142,0,1,2,1,15,4.6,2055861,19 reviews
2143,1,4,1,6,47,4.6,2140614,59 reviews
2144,7,8,19,59,171,4.4,1396167,264 reviews
2145,17,41,124,325,538,4.3,2139863,"1,045 reviews"
2146,1,1,2,0,10,4.2,2193241,14 reviews
2147,7,9,11,43,121,4.4,1783794,191 reviews
2148,0,0,3,1,13,4.6,2193720,17 reviews
2149,6,23,23,57,218,4.4,1894468,327 reviews
2150,1,1,2,9,26,4.5,2067676,39 reviews
2151,5,1,0,2,26,4.3,2079515,34 reviews
2152,1,2,1,10,48,4.6,2228856,62 reviews
2153,5,11,11,27,82,4.3,2063741,136 reviews
2154,1,1,4,4,22,4.4,1978253,32 reviews
2155,3,2,11,16,95,4.6,1523638,127 reviews
2156,2,0,0,1,7,4.1,2199479,10 reviews
2157,3,5,10,19,58,4.3,1915321,95 reviews
2158,18,37,57,124,293,4.2,1644327,529 reviews
2159,6,11,16,41,65,4.1,1648328,139 reviews
2160,5,7,10,17,23,3.7,2031714,62 reviews
2161,17,30,49,156,611,4.5,1806579,863 reviews
2162,0,3,2,9,26,4.4,2139822,40 reviews
2163,96,113,84,149,245,3.5,1894377,687 reviews
2164,15,27,37,122,382,4.4,985036,583 reviews
2165,2,0,3,13,28,4.4,2136406,46 reviews
2166,0,2,3,10,19,4.4,2206472,34 reviews
2167,5,5,19,51,116,4.4,2197747,196 reviews
2168,10,5,1,7,22,3.6,1909605,45 reviews
2169,3,6,5,24,124,4.6,2034908,162 reviews
2170,0,1,1,3,8,4.4,2229581,13 reviews
2171,5,10,5,10,46,4.1,2047371,76 reviews
2172,0,7,6,9,62,4.5,2217057,84 reviews
2173,195,341,702,"2,513","13,709",4.7,2063733,"17,460 reviews"
2174,5,8,9,25,46,4.1,54312,93 reviews
2175,7,14,21,54,336,4.6,1704196,432 reviews
2176,1,4,3,11,63,4.6,1950435,82 reviews
2177,5,7,10,24,43,4,1672849,89 reviews
2178,0,0,0,5,11,4.7,1987197,16 reviews
2179,1,0,0,0,7,4.5,2229599,8 reviews
2180,2,3,5,11,34,4.3,1783786,55 reviews
2181,4,6,19,20,55,4.1,2067858,104 reviews
2182,0,0,0,1,11,4.9,1949478,12 reviews
2183,0,1,0,1,22,4.8,1861491,24 reviews
2184,3,1,2,8,18,4.2,1920594,32 reviews
2185,0,0,1,6,15,4.6,1903483,22 reviews
2186,3,0,6,7,27,4.3,1977495,43 reviews
2187,24,23,34,60,154,4,1505304,295 reviews
2188,0,2,0,5,17,4.5,1939966,24 reviews
2189,0,1,1,1,9,4.5,1821974,12 reviews
2190,70,98,161,519,"2,035",4.5,513234,"2,883 reviews"
2191,42,60,111,493,"2,779",4.7,537878,"3,485 reviews"
2192,10,12,33,55,386,4.6,2211027,496 reviews
2193,55,88,145,498,"2,768",4.6,2064442,"3,554 reviews"
2194,81,135,212,565,"1,684",4.4,1888759,"2,677 reviews"
2195,21,29,40,94,541,4.5,1688860,725 reviews
2196,44,91,177,497,"1,736",4.5,832642,"2,545 reviews"
2197,2,4,8,18,84,4.5,2115939,116 reviews
2198,7,7,12,55,182,4.5,2174993,263 reviews
2199,8,18,18,58,421,4.7,1287986,523 reviews
2200,1,1,2,8,64,4.8,2201226,76 reviews
2201,63,77,148,605,"2,468",4.6,1164771,"3,361 reviews"
2202,85,113,157,331,661,4,1629500,"1,347 reviews"
2203,63,117,194,432,955,4.2,1475540,"1,761 reviews"
2204,30,28,44,92,268,4.2,1898162,462 reviews
2205,6,8,12,24,264,4.7,1954460,314 reviews
2206,12,12,24,48,358,4.6,2207686,454 reviews
2207,21,24,53,153,698,4.6,1239599,949 reviews
2208,23,42,69,181,686,4.5,1925775,"1,001 reviews"
2209,9,9,12,58,195,4.5,1636828,283 reviews
2210,29,18,51,117,712,4.6,1522184,927 reviews
2211,123,177,271,540,"1,224",4.1,1615186,"2,335 reviews"
2212,0,0,1,2,24,4.9,2201259,27 reviews
2213,19,33,58,156,677,4.5,2064228,943 reviews
2214,3,3,1,9,41,4.4,2203552,57 reviews
2215,44,59,85,304,775,4.3,1646702,"1,267 reviews"
2216,22,22,50,123,419,4.4,1289511,636 reviews
2217,14,9,19,54,255,4.5,1795236,351 reviews
2218,2,1,2,4,19,4.3,2069821,28 reviews
2219,0,0,2,1,23,4.8,2216950,26 reviews
2220,13,29,49,170,822,4.6,828772,"1,083 reviews"
2221,8,14,17,43,247,4.5,1942119,329 reviews
2222,16,13,13,19,69,3.9,1364785,130 reviews
2223,63,77,148,605,"2,468",4.6,1164805,"3,361 reviews"
2224,9,23,26,51,298,4.5,1505106,407 reviews
2225,12,9,40,75,272,4.4,1961499,408 reviews
2226,27,24,21,19,78,3.6,1945567,169 reviews
2227,2,3,10,14,105,4.6,1503382,134 reviews
2228,2,1,2,5,29,4.5,2117497,39 reviews
2229,0,0,1,4,16,4.7,2235000,21 reviews
2230,1,1,0,4,26,4.7,1941202,32 reviews
2231,1,5,5,9,56,4.5,1833565,76 reviews
2232,38,32,28,66,193,4,1688803,357 reviews
2233,5,10,11,24,72,4.2,1897917,122 reviews
2234,0,0,0,0,1,5,2240182,1 review
2235,6,10,13,18,25,3.6,1961473,72 reviews
2236,3,2,11,16,95,4.6,1523638,127 reviews
2237,3,5,7,11,25,4,1817402,51 reviews
2238,3,2,11,15,84,4.5,2029924,115 reviews
2239,18,37,57,124,293,4.2,1644327,529 reviews
2240,6,8,12,35,178,4.6,847517,239 reviews
2241,2,2,2,4,13,4,1813930,23 reviews
2242,6,0,0,4,10,3.6,2199537,20 reviews
2243,4,2,3,8,23,4.1,1978345,40 reviews
2244,9,9,15,33,135,4.4,1814326,201 reviews
2245,3,9,10,37,207,4.6,1806587,266 reviews
2246,3,2,1,3,10,3.8,2114726,19 reviews
2247,5,10,5,10,46,4.1,2047371,76 reviews
2248,0,7,6,9,62,4.5,2217057,84 reviews
2249,0,1,1,1,8,4.5,2117489,11 reviews
2250,0,0,0,1,11,4.9,1949478,12 reviews
2251,2,1,0,2,13,4.3,1950369,18 reviews
2252,0,1,6,8,45,4.6,1915289,60 reviews
2253,0,3,2,6,15,4.3,2217156,26 reviews
2254,5,7,6,9,26,3.8,2201440,53 reviews
2255,2,4,8,18,84,4.5,2115939,116 reviews
2256,0,0,1,3,22,4.8,2225605,26 reviews
2257,2,13,23,132,477,4.7,2224954,647 reviews
2258,1,1,2,8,64,4.8,2201226,76 reviews
2259,63,117,194,432,955,4.2,1475540,"1,761 reviews"
2260,9,18,32,85,642,4.7,1993948,786 reviews
2261,26,26,34,84,300,4.3,2055986,470 reviews
2262,19,6,10,26,69,3.9,2187847,130 reviews
2263,2,1,6,14,48,4.5,2193712,71 reviews
2264,1,2,8,14,56,4.5,2189850,81 reviews
2265,3,3,24,55,273,4.7,1942051,358 reviews
2266,2,2,4,13,133,4.8,2252138,154 reviews
2267,0,0,1,3,22,4.8,2225605,26 reviews
2268,1,1,0,4,26,4.7,1941202,32 reviews
2269,3,6,6,28,107,4.5,1779784,150 reviews
2270,0,0,3,1,13,4.6,2193720,17 reviews
2271,7,6,20,21,54,4,2203313,108 reviews
2272,7,8,13,16,53,4,1926427,97 reviews
2273,0,0,4,2,32,4.7,1927748,38 reviews
2274,96,113,84,149,245,3.5,1894377,687 reviews
2275,0,0,1,0,1,4,2267128,2 reviews
2276,3,6,5,24,124,4.6,2034908,162 reviews
2277,5,10,5,10,46,4.1,2047371,76 reviews
2278,0,7,6,9,62,4.5,2217057,84 reviews
2279,0,0,0,5,11,4.7,1987197,16 reviews
2280,42,15,9,18,41,3,1858364,125 reviews
2281,0,0,0,1,11,4.9,1949478,12 reviews
2282,0,1,0,1,22,4.8,1861491,24 reviews
